/*
 Navicat Premium Data Transfer

 Source Server         : local
 Source Server Type    : MySQL
 Source Server Version : 50614
 Source Host           : localhost
 Source Database       : tai

 Target Server Type    : MySQL
 Target Server Version : 50614
 File Encoding         : utf-8

 Date: 12/04/2014 20:53:52 PM
*/

SET NAMES utf8;
SET FOREIGN_KEY_CHECKS = 0;

-- ----------------------------
--  Table structure for `Feel_product`
-- ----------------------------
DROP TABLE IF EXISTS `Feel_product`;
CREATE TABLE `Feel_product` (
  `id` int(11) NOT NULL AUTO_INCREMENT,
  `name` varchar(255) NOT NULL,
  PRIMARY KEY (`id`)
) ENGINE=InnoDB AUTO_INCREMENT=8 DEFAULT CHARSET=utf8;

-- ----------------------------
--  Records of `Feel_product`
-- ----------------------------
BEGIN;
INSERT INTO `Feel_product` VALUES ('1', 'Нони'), ('2', 'Алое вера'), ('4', 'Банан'), ('5', 'Мангостин'), ('6', 'Кокос'), ('7', 'Ананас');
COMMIT;

-- ----------------------------
--  Table structure for `accounts_userprofile`
-- ----------------------------
DROP TABLE IF EXISTS `accounts_userprofile`;
CREATE TABLE `accounts_userprofile` (
  `id` int(11) NOT NULL AUTO_INCREMENT,
  `email` varchar(50) NOT NULL,
  `phone` varchar(20) NOT NULL,
  `shipping_name` varchar(50) NOT NULL,
  `shipping_address_1` varchar(50) NOT NULL,
  `shipping_city` varchar(50) NOT NULL,
  `shipping_address_2` varchar(50) NOT NULL,
  `shipping_country` varchar(50) NOT NULL,
  `shipping_zip` varchar(10) NOT NULL,
  `user_id` int(11) NOT NULL,
  PRIMARY KEY (`id`),
  UNIQUE KEY `user_id` (`user_id`),
  CONSTRAINT `user_id_refs_id_6280a4b981d7010f` FOREIGN KEY (`user_id`) REFERENCES `auth_user` (`id`)
) ENGINE=InnoDB AUTO_INCREMENT=15 DEFAULT CHARSET=utf8;

-- ----------------------------
--  Records of `accounts_userprofile`
-- ----------------------------
BEGIN;
INSERT INTO `accounts_userprofile` VALUES ('1', 'test@admintest.ru', '8-920-351-21-21', 'FElksdla', 'lsajdfl 34 ', 'seversk', 'alsdjf 434', 'russia', '345345', '1'), ('2', 'test@tes.ru', '89138886899', 'ldjl', 'aljdsfl 79', 'alsdjhfkl', 'aldsjfl 89', 'alsdjfl', '876876', '2'), ('3', 'ksdhfk@sldjf.ru', '89264629960', 'Александр', 'Ул.  Ленина ', 'Северск', 'Ул.  Ленина ', 'Россия', '636070', '3'), ('4', '', '', '', '', '', '', '', '', '4'), ('5', 'telomer@grusha.ru', '89264629960', 'Александр', 'Ул.  Ленина ', 'Северск', 'Ул.  Ленина ', 'Россия', '636070', '5'), ('6', 'greenteamer@bk.ru', '8 (926) 462-99-60', 'Александр', 'Ленина 42-56', 'Северск', '', 'Россия', '636070', '6'), ('7', 'robert@sdf.ru', '89203512122', 'Роберт', 'Дтывад 34', 'Саевт', '', 'Россия', '432556', '12'), ('10', 'garaj@sdf.ru', '89139993344', 'lJlkjljk', 'lj', 'lkjl', 'kjljk', 'sadfasdf', '987978', '18'), ('11', 'tarkan@sdf.ru', '89264629961', 'whdfkh', 'khk', 'hjkjh', 'jghkhj', 'kjhk', '121232', '19'), ('12', 'turnik@sdfsdf.ru', '89203512122', 'akjdlkhj', 'kjhlk', 'hlkhlk', 'hlkhklhkj', 'hkhkkjh', '890890', '20'), ('13', 'greenteamer@sdf.ru', '89139993344', 'SASSSAA', 'sldjfl;j', 'ljklj;lj', ';ljl', 'jl;jkljll', '987987', '21'), ('14', 'greenteamer@sldfkj.ru', '89827349256', 'lajsdfl;j', ';ljks;dljf;l', 'jl;j', 'lkhkhlkh', 'klhlklkh', '098098', '22');
COMMIT;

-- ----------------------------
--  Table structure for `admin_tools_dashboard_preferences`
-- ----------------------------
DROP TABLE IF EXISTS `admin_tools_dashboard_preferences`;
CREATE TABLE `admin_tools_dashboard_preferences` (
  `id` int(11) NOT NULL AUTO_INCREMENT,
  `user_id` int(11) NOT NULL,
  `data` longtext NOT NULL,
  `dashboard_id` varchar(100) NOT NULL,
  PRIMARY KEY (`id`),
  UNIQUE KEY `admin_tools_dashboard_prefer_dashboard_id_374bce90a8a4eefc_uniq` (`dashboard_id`,`user_id`),
  KEY `admin_tools_dashboard_preferences_fbfc09f1` (`user_id`),
  CONSTRAINT `user_id_refs_id_2faedda1f8487376` FOREIGN KEY (`user_id`) REFERENCES `auth_user` (`id`)
) ENGINE=InnoDB AUTO_INCREMENT=6 DEFAULT CHARSET=utf8;

-- ----------------------------
--  Records of `admin_tools_dashboard_preferences`
-- ----------------------------
BEGIN;
INSERT INTO `admin_tools_dashboard_preferences` VALUES ('1', '1', '{}', 'pages-dashboard'), ('2', '1', '{}', 'dashboard'), ('3', '1', '{}', 'catalog-dashboard'), ('4', '1', '{}', 'accounts-dashboard'), ('5', '1', '{}', 'checkout-dashboard');
COMMIT;

-- ----------------------------
--  Table structure for `admin_tools_menu_bookmark`
-- ----------------------------
DROP TABLE IF EXISTS `admin_tools_menu_bookmark`;
CREATE TABLE `admin_tools_menu_bookmark` (
  `id` int(11) NOT NULL AUTO_INCREMENT,
  `user_id` int(11) NOT NULL,
  `url` varchar(255) NOT NULL,
  `title` varchar(255) NOT NULL,
  PRIMARY KEY (`id`),
  KEY `admin_tools_menu_bookmark_fbfc09f1` (`user_id`),
  CONSTRAINT `user_id_refs_id_6af2836063b2844f` FOREIGN KEY (`user_id`) REFERENCES `auth_user` (`id`)
) ENGINE=InnoDB DEFAULT CHARSET=utf8;

-- ----------------------------
--  Table structure for `auth_group`
-- ----------------------------
DROP TABLE IF EXISTS `auth_group`;
CREATE TABLE `auth_group` (
  `id` int(11) NOT NULL AUTO_INCREMENT,
  `name` varchar(80) NOT NULL,
  PRIMARY KEY (`id`),
  UNIQUE KEY `name` (`name`)
) ENGINE=InnoDB DEFAULT CHARSET=utf8;

-- ----------------------------
--  Table structure for `auth_group_permissions`
-- ----------------------------
DROP TABLE IF EXISTS `auth_group_permissions`;
CREATE TABLE `auth_group_permissions` (
  `id` int(11) NOT NULL AUTO_INCREMENT,
  `group_id` int(11) NOT NULL,
  `permission_id` int(11) NOT NULL,
  PRIMARY KEY (`id`),
  UNIQUE KEY `group_id` (`group_id`,`permission_id`),
  KEY `auth_group_permissions_bda51c3c` (`group_id`),
  KEY `auth_group_permissions_1e014c8f` (`permission_id`),
  CONSTRAINT `group_id_refs_id_3cea63fe` FOREIGN KEY (`group_id`) REFERENCES `auth_group` (`id`),
  CONSTRAINT `permission_id_refs_id_a7792de1` FOREIGN KEY (`permission_id`) REFERENCES `auth_permission` (`id`)
) ENGINE=InnoDB DEFAULT CHARSET=utf8;

-- ----------------------------
--  Table structure for `auth_permission`
-- ----------------------------
DROP TABLE IF EXISTS `auth_permission`;
CREATE TABLE `auth_permission` (
  `id` int(11) NOT NULL AUTO_INCREMENT,
  `name` varchar(50) NOT NULL,
  `content_type_id` int(11) NOT NULL,
  `codename` varchar(100) NOT NULL,
  PRIMARY KEY (`id`),
  UNIQUE KEY `content_type_id` (`content_type_id`,`codename`),
  KEY `auth_permission_e4470c6e` (`content_type_id`),
  CONSTRAINT `content_type_id_refs_id_728de91f` FOREIGN KEY (`content_type_id`) REFERENCES `django_content_type` (`id`)
) ENGINE=InnoDB AUTO_INCREMENT=118 DEFAULT CHARSET=utf8;

-- ----------------------------
--  Records of `auth_permission`
-- ----------------------------
BEGIN;
INSERT INTO `auth_permission` VALUES ('1', 'Can add permission', '1', 'add_permission'), ('2', 'Can change permission', '1', 'change_permission'), ('3', 'Can delete permission', '1', 'delete_permission'), ('4', 'Can add group', '2', 'add_group'), ('5', 'Can change group', '2', 'change_group'), ('6', 'Can delete group', '2', 'delete_group'), ('7', 'Can add user', '3', 'add_user'), ('8', 'Can change user', '3', 'change_user'), ('9', 'Can delete user', '3', 'delete_user'), ('10', 'Can add content type', '4', 'add_contenttype'), ('11', 'Can change content type', '4', 'change_contenttype'), ('12', 'Can delete content type', '4', 'delete_contenttype'), ('13', 'Can add session', '5', 'add_session'), ('14', 'Can change session', '5', 'change_session'), ('15', 'Can delete session', '5', 'delete_session'), ('16', 'Can add site', '6', 'add_site'), ('17', 'Can change site', '6', 'change_site'), ('18', 'Can delete site', '6', 'delete_site'), ('19', 'Can add flat page', '7', 'add_flatpage'), ('20', 'Can change flat page', '7', 'change_flatpage'), ('21', 'Can delete flat page', '7', 'delete_flatpage'), ('22', 'Can add log entry', '8', 'add_logentry'), ('23', 'Can change log entry', '8', 'change_logentry'), ('24', 'Can delete log entry', '8', 'delete_logentry'), ('25', 'Can add migration history', '9', 'add_migrationhistory'), ('26', 'Can change migration history', '9', 'change_migrationhistory'), ('27', 'Can delete migration history', '9', 'delete_migrationhistory'), ('28', 'Can add cart item', '10', 'add_cartitem'), ('29', 'Can change cart item', '10', 'change_cartitem'), ('30', 'Can delete cart item', '10', 'delete_cartitem'), ('31', 'Can add Post', '11', 'add_news'), ('32', 'Can change Post', '11', 'change_news'), ('33', 'Can delete Post', '11', 'delete_news'), ('34', 'Can add search term', '12', 'add_searchterm'), ('35', 'Can change search term', '12', 'change_searchterm'), ('36', 'Can delete search term', '12', 'delete_searchterm'), ('37', 'Can add kv store', '13', 'add_kvstore'), ('38', 'Can change kv store', '13', 'change_kvstore'), ('39', 'Can delete kv store', '13', 'delete_kvstore'), ('40', 'Can add captcha store', '14', 'add_captchastore'), ('41', 'Can change captcha store', '14', 'change_captchastore'), ('42', 'Can delete captcha store', '14', 'delete_captchastore'), ('43', 'Can add bookmark', '15', 'add_bookmark'), ('44', 'Can change bookmark', '15', 'change_bookmark'), ('45', 'Can delete bookmark', '15', 'delete_bookmark'), ('46', 'Can add dashboard preferences', '16', 'add_dashboardpreferences'), ('47', 'Can change dashboard preferences', '16', 'change_dashboardpreferences'), ('48', 'Can delete dashboard preferences', '16', 'delete_dashboardpreferences'), ('49', 'Can add category', '17', 'add_category'), ('50', 'Can change category', '17', 'change_category'), ('51', 'Can delete category', '17', 'delete_category'), ('52', 'Can add feel name', '18', 'add_feelname'), ('53', 'Can change feel name', '18', 'change_feelname'), ('54', 'Can delete feel name', '18', 'delete_feelname'), ('55', 'Can add gift price', '19', 'add_giftprice'), ('56', 'Can change gift price', '19', 'change_giftprice'), ('57', 'Can delete gift price', '19', 'delete_giftprice'), ('58', 'Can add product', '20', 'add_product'), ('59', 'Can change product', '20', 'change_product'), ('60', 'Can delete product', '20', 'delete_product'), ('61', 'Can add product image', '21', 'add_productimage'), ('62', 'Can change product image', '21', 'change_productimage'), ('63', 'Can delete product image', '21', 'delete_productimage'), ('64', 'Can add characteristic type', '22', 'add_characteristictype'), ('65', 'Can change characteristic type', '22', 'change_characteristictype'), ('66', 'Can delete characteristic type', '22', 'delete_characteristictype'), ('67', 'Can add characteristic', '23', 'add_characteristic'), ('68', 'Can change characteristic', '23', 'change_characteristic'), ('69', 'Can delete characteristic', '23', 'delete_characteristic'), ('70', 'Can add user profile', '24', 'add_userprofile'), ('71', 'Can change user profile', '24', 'change_userprofile'), ('72', 'Can delete user profile', '24', 'delete_userprofile'), ('73', 'Can add order', '25', 'add_order'), ('74', 'Can change order', '25', 'change_order'), ('75', 'Can delete order', '25', 'delete_order'), ('76', 'Can add order item', '26', 'add_orderitem'), ('77', 'Can change order item', '26', 'change_orderitem'), ('78', 'Can delete order item', '26', 'delete_orderitem'), ('79', 'Can add Заказы', '27', 'add_orderoneclick'), ('80', 'Can change Заказы', '27', 'change_orderoneclick'), ('81', 'Can delete Заказы', '27', 'delete_orderoneclick'), ('82', 'Can add Слайдер на главной странице', '28', 'add_slider'), ('83', 'Can change Слайдер на главной странице', '28', 'change_slider'), ('84', 'Can delete Слайдер на главной странице', '28', 'delete_slider'), ('85', 'Can add page', '29', 'add_page'), ('86', 'Can change page', '29', 'change_page'), ('87', 'Can delete page', '29', 'delete_page'), ('88', 'Can add cupon', '30', 'add_cupon'), ('89', 'Can change cupon', '30', 'change_cupon'), ('90', 'Can delete cupon', '30', 'delete_cupon'), ('91', 'Can add Уведомление об успешном платеже', '31', 'add_successnotification'), ('92', 'Can change Уведомление об успешном платеже', '31', 'change_successnotification'), ('93', 'Can delete Уведомление об успешном платеже', '31', 'delete_successnotification'), ('94', 'Can add brand name', '32', 'add_brandname'), ('95', 'Can change brand name', '32', 'change_brandname'), ('96', 'Can delete brand name', '32', 'delete_brandname'), ('97', 'Can add review', '33', 'add_review'), ('98', 'Can change review', '33', 'change_review'), ('99', 'Can delete review', '33', 'delete_review'), ('100', 'Can add blog', '34', 'add_blog'), ('101', 'Can change blog', '34', 'change_blog'), ('102', 'Can delete blog', '34', 'delete_blog'), ('103', 'Can add delivery', '35', 'add_delivery'), ('104', 'Can change delivery', '35', 'change_delivery'), ('105', 'Can delete delivery', '35', 'delete_delivery'), ('106', 'Can add product volume', '36', 'add_productvolume'), ('107', 'Can change product volume', '36', 'change_productvolume'), ('108', 'Can delete product volume', '36', 'delete_productvolume'), ('109', 'Can add source', '37', 'add_source'), ('110', 'Can change source', '37', 'change_source'), ('111', 'Can delete source', '37', 'delete_source'), ('112', 'Can add thumbnail', '38', 'add_thumbnail'), ('113', 'Can change thumbnail', '38', 'change_thumbnail'), ('114', 'Can delete thumbnail', '38', 'delete_thumbnail'), ('115', 'Can add thumbnail dimensions', '39', 'add_thumbnaildimensions'), ('116', 'Can change thumbnail dimensions', '39', 'change_thumbnaildimensions'), ('117', 'Can delete thumbnail dimensions', '39', 'delete_thumbnaildimensions');
COMMIT;

-- ----------------------------
--  Table structure for `auth_user`
-- ----------------------------
DROP TABLE IF EXISTS `auth_user`;
CREATE TABLE `auth_user` (
  `id` int(11) NOT NULL AUTO_INCREMENT,
  `username` varchar(30) NOT NULL,
  `first_name` varchar(30) NOT NULL,
  `last_name` varchar(30) NOT NULL,
  `email` varchar(75) NOT NULL,
  `password` varchar(128) NOT NULL,
  `is_staff` tinyint(1) NOT NULL,
  `is_active` tinyint(1) NOT NULL,
  `is_superuser` tinyint(1) NOT NULL,
  `last_login` datetime NOT NULL,
  `date_joined` datetime NOT NULL,
  PRIMARY KEY (`id`),
  UNIQUE KEY `username` (`username`)
) ENGINE=InnoDB AUTO_INCREMENT=23 DEFAULT CHARSET=utf8;

-- ----------------------------
--  Records of `auth_user`
-- ----------------------------
BEGIN;
INSERT INTO `auth_user` VALUES ('1', 'admin', '', '', 'admin@example.com', 'pbkdf2_sha256$10000$FPxOwlDi7kDG$zFdrXzielhV1OMSvPI98yuulTfJjnJDZslV2OvEXJRs=', '1', '1', '1', '2014-12-04 17:48:18', '2014-10-29 18:40:17'), ('2', 'test', '', '', '', 'pbkdf2_sha256$10000$xjWovw4lpAbU$LnUmMqRdDN07TcgoZ7JO0ncB0RyDsIOo+Ii4egHCUSg=', '0', '1', '0', '2014-11-01 01:47:38', '2014-10-29 19:27:10'), ('3', 'test222', '', '', '', 'pbkdf2_sha256$10000$Lz5YBA1gtjGU$oA/jAZZmkNMfqRUskb3MN9nEOwmtniy8PvvJ6EHqCBU=', '0', '1', '0', '2014-11-01 02:04:24', '2014-11-01 01:56:03'), ('4', 'test3', '', '', '', 'pbkdf2_sha256$10000$1sv3FtyDf6Vo$7MNlHpP9nyoRkGZ4TnTTo+w23mVLuMQoP3GGsUJkcE4=', '0', '1', '0', '2014-11-01 02:11:10', '2014-11-01 02:11:10'), ('5', 'test4', '', '', '', 'pbkdf2_sha256$10000$zKc78u1B32BD$kYyMtN2tTJ6PZudo9w5ArE2sIMmRV2ED/tdzSAYXWS8=', '0', '1', '0', '2014-11-02 01:31:15', '2014-11-02 01:31:15'), ('6', 'test5', '', '', '', 'pbkdf2_sha256$10000$3HXOFbZf8Ih0$y+ZcBfFAY3WRgcHxumgJ29IL+Er9CFKeQsQ1njLsv2Q=', '0', '1', '0', '2014-11-02 23:04:25', '2014-11-02 23:04:18'), ('7', 'test111', '', '', '', 'pbkdf2_sha256$10000$Eg5KOCwIXRqd$s0jDwM+bU3JrYJ0wr39rJmClkaQHJvPAl9Ybz+l+yYc=', '0', '1', '0', '2014-12-01 14:43:39', '2014-12-01 14:43:33'), ('8', 'Sasha', '', '', '', 'pbkdf2_sha256$10000$qGbrHwpIvmgb$EG6qFtS6qNSAmbZR9ecWMpJTnZsQesPAOzpTny6SnGw=', '0', '1', '0', '2014-12-01 16:58:35', '2014-12-01 16:58:29'), ('9', 'sasssaaa', '', '', '', 'pbkdf2_sha256$10000$gM4mgQqsjVvE$P7eSIN4Hmj0yWn7HbIL2BVM1RIQSctvCPwHgTOUi/dY=', '0', '1', '0', '2014-12-03 19:19:19', '2014-12-03 19:19:13'), ('10', 'repeat', '', '', '', 'pbkdf2_sha256$10000$txvtbVvBlo1y$A6oIMIMFK86UQT4rUN60/skL6N9sG9v11d32UP1SQw4=', '0', '1', '0', '2014-12-03 23:22:32', '2014-12-03 23:22:32'), ('11', 'micro', '', '', 'micro@sldf.ru', 'pbkdf2_sha256$10000$b82Zsh2unsNP$NbggmSaETU88YGhngTibw6tVnizkSntWf0cDfyPIvoU=', '0', '1', '0', '2014-12-03 23:27:31', '2014-12-03 23:27:31'), ('12', 'robert', '', '', 'robert@sldf.ru', 'pbkdf2_sha256$10000$cmJh2epQWjRA$U5iO6R2GasT5XWdeHYV7Ku1nx2mQedyJ0WXmiV8rMwE=', '0', '1', '0', '2014-12-03 23:38:46', '2014-12-03 23:38:03'), ('13', 'andrey', '', '', 'andrey@sdf.ru', 'pbkdf2_sha256$10000$VXXsoyObObEY$XmrcRJhIcExZzKKOoxCKoNoGsjHh7v66LkZivhNCp50=', '0', '1', '0', '2014-12-03 23:45:40', '2014-12-03 23:45:03'), ('18', 'garaj', '', '', 'garaj@sdf.ru', 'pbkdf2_sha256$10000$AXr6hYbTsYSm$+Z71WI35lD5TsbtVbGiDFedUAGa5R/DNgYE/VaXmWAc=', '0', '1', '0', '2014-12-04 00:16:19', '2014-12-04 00:16:19'), ('19', 'tarkan', '', '', 'tarkan@sdf.ru', 'pbkdf2_sha256$10000$LghgFWaHarhT$XjBUAv69qzn+CiC/JFvll/wGpdcyfuhykb7ydY7BtZc=', '0', '1', '0', '2014-12-04 00:42:47', '2014-12-04 00:42:46'), ('20', 'turnik', '', '', 'turnik@sdfsdf.ru', 'pbkdf2_sha256$10000$K6Iy5VRmYwSm$ZXuu+L0+g46SHs6aVmj4g9RJd9q85E6OIQPrfrNFiC4=', '0', '1', '0', '2014-12-04 00:57:06', '2014-12-04 00:57:06'), ('21', 'greenteamer', '', '', 'greenteamer@sdf.ru', 'pbkdf2_sha256$10000$tg4S8jPWGmLT$ptc7sEBmTudxO9UHHUewwkZHZJ7MAmEfk91KIoapaDQ=', '0', '1', '0', '2014-12-04 01:05:46', '2014-12-04 01:05:46'), ('22', 'greenteamer1', '', '', 'greenteamer@sldfkj.ru', 'pbkdf2_sha256$10000$0qBo9nDKN5jm$J+sgeiKp1Z2DRXmqQ9skC35zLLq13wM/1SWrVYeHjXE=', '0', '1', '0', '2014-12-04 01:06:52', '2014-12-04 01:06:52');
COMMIT;

-- ----------------------------
--  Table structure for `auth_user_groups`
-- ----------------------------
DROP TABLE IF EXISTS `auth_user_groups`;
CREATE TABLE `auth_user_groups` (
  `id` int(11) NOT NULL AUTO_INCREMENT,
  `user_id` int(11) NOT NULL,
  `group_id` int(11) NOT NULL,
  PRIMARY KEY (`id`),
  UNIQUE KEY `user_id` (`user_id`,`group_id`),
  KEY `auth_user_groups_fbfc09f1` (`user_id`),
  KEY `auth_user_groups_bda51c3c` (`group_id`),
  CONSTRAINT `group_id_refs_id_f0ee9890` FOREIGN KEY (`group_id`) REFERENCES `auth_group` (`id`),
  CONSTRAINT `user_id_refs_id_831107f1` FOREIGN KEY (`user_id`) REFERENCES `auth_user` (`id`)
) ENGINE=InnoDB DEFAULT CHARSET=utf8;

-- ----------------------------
--  Table structure for `auth_user_user_permissions`
-- ----------------------------
DROP TABLE IF EXISTS `auth_user_user_permissions`;
CREATE TABLE `auth_user_user_permissions` (
  `id` int(11) NOT NULL AUTO_INCREMENT,
  `user_id` int(11) NOT NULL,
  `permission_id` int(11) NOT NULL,
  PRIMARY KEY (`id`),
  UNIQUE KEY `user_id` (`user_id`,`permission_id`),
  KEY `auth_user_user_permissions_fbfc09f1` (`user_id`),
  KEY `auth_user_user_permissions_1e014c8f` (`permission_id`),
  CONSTRAINT `permission_id_refs_id_67e79cb` FOREIGN KEY (`permission_id`) REFERENCES `auth_permission` (`id`),
  CONSTRAINT `user_id_refs_id_f2045483` FOREIGN KEY (`user_id`) REFERENCES `auth_user` (`id`)
) ENGINE=InnoDB DEFAULT CHARSET=utf8;

-- ----------------------------
--  Table structure for `brand_product`
-- ----------------------------
DROP TABLE IF EXISTS `brand_product`;
CREATE TABLE `brand_product` (
  `id` int(11) NOT NULL AUTO_INCREMENT,
  `name` varchar(255) NOT NULL,
  PRIMARY KEY (`id`)
) ENGINE=InnoDB AUTO_INCREMENT=12 DEFAULT CHARSET=utf8;

-- ----------------------------
--  Records of `brand_product`
-- ----------------------------
BEGIN;
INSERT INTO `brand_product` VALUES ('5', 'Thann'), ('6', 'Boots'), ('7', 'LemongrassHouse'), ('8', 'Bio Way'), ('9', 'Natunes'), ('10', 'Richenna'), ('11', 'Sabai-arom');
COMMIT;

-- ----------------------------
--  Table structure for `captcha_captchastore`
-- ----------------------------
DROP TABLE IF EXISTS `captcha_captchastore`;
CREATE TABLE `captcha_captchastore` (
  `id` int(11) NOT NULL AUTO_INCREMENT,
  `challenge` varchar(32) NOT NULL,
  `response` varchar(32) NOT NULL,
  `hashkey` varchar(40) NOT NULL,
  `expiration` datetime NOT NULL,
  PRIMARY KEY (`id`),
  UNIQUE KEY `hashkey` (`hashkey`)
) ENGINE=InnoDB DEFAULT CHARSET=utf8;

-- ----------------------------
--  Table structure for `cart_items`
-- ----------------------------
DROP TABLE IF EXISTS `cart_items`;
CREATE TABLE `cart_items` (
  `id` int(11) NOT NULL AUTO_INCREMENT,
  `cart_id` varchar(50) NOT NULL,
  `date_added` datetime NOT NULL,
  `quantity` int(11) NOT NULL,
  `product_id` int(11) NOT NULL,
  `cupon_id` int(11),
  `feel_id` int(11),
  `atributes_id` int(11) NOT NULL,
  PRIMARY KEY (`id`),
  KEY `cart_items_bb420c12` (`product_id`),
  KEY `cart_items_acee36ae` (`cupon_id`),
  KEY `cart_items_b249770c` (`feel_id`),
  KEY `cart_items_57eefef0` (`atributes_id`),
  CONSTRAINT `atributes_id_refs_id_36fc45adb0602a56` FOREIGN KEY (`atributes_id`) REFERENCES `product_volume` (`id`),
  CONSTRAINT `cupon_id_refs_id_239f912e0857debc` FOREIGN KEY (`cupon_id`) REFERENCES `catalog_cupon` (`id`),
  CONSTRAINT `feel_id_refs_id_45e678006ad8ea72` FOREIGN KEY (`feel_id`) REFERENCES `Feel_product` (`id`)
) ENGINE=InnoDB AUTO_INCREMENT=200 DEFAULT CHARSET=utf8;

-- ----------------------------
--  Records of `cart_items`
-- ----------------------------
BEGIN;
INSERT INTO `cart_items` VALUES ('157', 'fMKkc#uEteE3KLVcTx3lOUALyW1RBrEVYftRbLyvZNDVa8J9^1', '2014-12-01 18:08:56', '10', '20', '2', null, '7'), ('158', 'fMKkc#uEteE3KLVcTx3lOUALyW1RBrEVYftRbLyvZNDVa8J9^1', '2014-12-01 18:09:25', '1', '13', '2', '1', '1'), ('159', 'fMKkc#uEteE3KLVcTx3lOUALyW1RBrEVYftRbLyvZNDVa8J9^1', '2014-12-01 18:09:40', '1', '13', '2', '4', '1'), ('160', 'fMKkc#uEteE3KLVcTx3lOUALyW1RBrEVYftRbLyvZNDVa8J9^1', '2014-12-01 18:09:51', '1', '13', '2', '7', '1'), ('162', 'X7YJNjbGK2Qs7hy!hEUs(O@YLcQzOrXp*3O32g^Qeh7qiK&7#z', '2014-12-03 19:25:20', '1', '22', '2', null, '6'), ('164', 'D9MDKXH*KZlkxD)acQBGKjlimOl!*tfddRHGMHz4mA1(o4EvbX', '2014-12-03 22:47:24', '1', '22', '2', null, '6'), ('169', 'H(2ijcq#6r5P1#LGVPJln^6kU5liDZ4SU6YNlA%qknxj*rSB$O', '2014-12-03 23:39:44', '1', '22', '2', null, '6'), ('170', 'H(2ijcq#6r5P1#LGVPJln^6kU5liDZ4SU6YNlA%qknxj*rSB$O', '2014-12-03 23:39:46', '1', '22', '2', null, '6'), ('171', 'H(2ijcq#6r5P1#LGVPJln^6kU5liDZ4SU6YNlA%qknxj*rSB$O', '2014-12-03 23:39:47', '1', '22', '2', null, '6'), ('173', 'u0P9M))7@@fYLFxpS&1Pt#3vY3AGNFNWvNR0ZE8P%O9@&uKxDJ', '2014-12-03 23:45:51', '1', '16', '2', null, '11'), ('174', 'L0AZODwGwsSa5Ztn8p@z#8FR5NjMUP!efZHfKQYWaBdj6z#YE4', '2014-12-04 00:15:54', '1', '22', '2', null, '6'), ('194', 'albs6ne7#PupqtsbO8vr)eUEP3ruC*CHv(Wntx5Hlj5UC*CEt5', '2014-12-04 16:17:15', '1', '16', '2', null, '11'), ('195', 'albs6ne7#PupqtsbO8vr)eUEP3ruC*CHv(Wntx5Hlj5UC*CEt5', '2014-12-04 17:09:17', '1', '21', '2', null, '4'), ('196', 'albs6ne7#PupqtsbO8vr)eUEP3ruC*CHv(Wntx5Hlj5UC*CEt5', '2014-12-04 17:09:25', '1', '13', '2', '1', '1'), ('197', 'albs6ne7#PupqtsbO8vr)eUEP3ruC*CHv(Wntx5Hlj5UC*CEt5', '2014-12-04 17:09:29', '1', '13', '2', '1', '2'), ('198', 'albs6ne7#PupqtsbO8vr)eUEP3ruC*CHv(Wntx5Hlj5UC*CEt5', '2014-12-04 17:09:33', '1', '13', '2', '2', '1'), ('199', 'albs6ne7#PupqtsbO8vr)eUEP3ruC*CHv(Wntx5Hlj5UC*CEt5', '2014-12-04 17:09:39', '1', '13', '2', '1', '3');
COMMIT;

-- ----------------------------
--  Table structure for `catalog_cupon`
-- ----------------------------
DROP TABLE IF EXISTS `catalog_cupon`;
CREATE TABLE `catalog_cupon` (
  `id` int(11) NOT NULL AUTO_INCREMENT,
  `name` varchar(256) NOT NULL,
  `identifier` varchar(256) NOT NULL,
  `percent` varchar(10) NOT NULL,
  PRIMARY KEY (`id`)
) ENGINE=InnoDB AUTO_INCREMENT=3 DEFAULT CHARSET=utf8;

-- ----------------------------
--  Records of `catalog_cupon`
-- ----------------------------
BEGIN;
INSERT INTO `catalog_cupon` VALUES ('1', '50%', '50', '0'), ('2', 'zero(служебный не удалять)', 'zero', '0');
COMMIT;

-- ----------------------------
--  Table structure for `categories`
-- ----------------------------
DROP TABLE IF EXISTS `categories`;
CREATE TABLE `categories` (
  `id` int(11) NOT NULL AUTO_INCREMENT,
  `name` varchar(50) NOT NULL,
  `slug` varchar(50) NOT NULL,
  `description` longtext NOT NULL,
  `is_active` tinyint(1) NOT NULL,
  `meta_keywords` varchar(255) NOT NULL,
  `meta_description` varchar(255) NOT NULL,
  `created_at` datetime NOT NULL,
  `updated_at` datetime NOT NULL,
  `parent_id` int(11) DEFAULT NULL,
  `lft` int(10) unsigned NOT NULL,
  `rght` int(10) unsigned NOT NULL,
  `tree_id` int(10) unsigned NOT NULL,
  `level` int(10) unsigned NOT NULL,
  PRIMARY KEY (`id`),
  UNIQUE KEY `name` (`name`),
  UNIQUE KEY `slug` (`slug`),
  KEY `categories_63f17a16` (`parent_id`),
  KEY `categories_42b06ff6` (`lft`),
  KEY `categories_91543e5a` (`rght`),
  KEY `categories_efd07f28` (`tree_id`),
  KEY `categories_2a8f42e8` (`level`),
  CONSTRAINT `parent_id_refs_id_73b52cb6d28b8177` FOREIGN KEY (`parent_id`) REFERENCES `categories` (`id`)
) ENGINE=InnoDB AUTO_INCREMENT=75 DEFAULT CHARSET=utf8;

-- ----------------------------
--  Records of `categories`
-- ----------------------------
BEGIN;
INSERT INTO `categories` VALUES ('16', 'Для тела', 'dlya-tela', '', '1', '', '', '2014-11-24 20:15:26', '2014-11-24 20:15:26', null, '1', '26', '1', '0'), ('17', 'Крема и лосьоны', 'krema-i-losony', '', '1', '', '', '2014-11-24 20:15:43', '2014-11-24 20:16:10', '16', '2', '3', '1', '1'), ('18', 'Для ванны и душа', 'dlya-vanny-i-dusha', '', '1', '', '', '2014-11-24 20:15:57', '2014-11-24 20:16:15', '16', '4', '5', '1', '1'), ('19', 'Уход за руками', 'uhod-za-rukami', '', '1', '', '', '2014-11-24 20:16:31', '2014-11-24 20:16:31', '16', '6', '7', '1', '1'), ('20', 'Уход за ногами', 'uhod-za-nogami', '', '1', '', '', '2014-11-24 20:16:44', '2014-11-24 20:16:44', '16', '8', '9', '1', '1'), ('21', 'Средства для похудения', 'sredstva-dlya-pohudeniya', '', '1', '', '', '2014-11-24 20:17:00', '2014-11-24 20:17:00', '16', '10', '11', '1', '1'), ('22', 'Для массажа', 'dlya-massazha', '', '1', '', '', '2014-11-24 20:17:10', '2014-11-24 20:17:10', '16', '12', '13', '1', '1'), ('23', 'Дезодоранты', 'dezodoranty', '', '1', '', '', '2014-11-24 20:17:34', '2014-11-24 20:17:34', '16', '14', '15', '1', '1'), ('24', 'Средства для груди', 'sredstva-dlya-grudi', '', '1', '', '', '2014-11-24 20:17:43', '2014-11-24 20:17:43', '16', '16', '17', '1', '1'), ('25', 'Тальки и присыпки', 'talki-i-prisypki', '', '1', '', '', '2014-11-24 20:17:53', '2014-11-24 20:17:53', '16', '18', '19', '1', '1'), ('26', 'От растяжек и шрамов', 'ot-rastyazhek-i-shramov', '', '1', '', '', '2014-11-24 20:18:04', '2014-11-24 20:18:04', '16', '20', '21', '1', '1'), ('27', 'Средства для загара', 'sredstva-dlya-zagara', '', '1', '', '', '2014-11-24 20:18:14', '2014-11-24 20:18:14', '16', '22', '23', '1', '1'), ('28', 'Наборы', 'nabory', '', '1', '', '', '2014-11-24 20:18:24', '2014-11-24 20:18:24', '16', '24', '25', '1', '1'), ('29', 'Для волос', 'dlya-volos', '', '1', '', '', '2014-11-24 20:18:33', '2014-11-24 20:18:33', null, '1', '12', '2', '0'), ('30', 'Основной уход', 'osnovnoj-uhod', '', '1', '', '', '2014-11-24 20:18:43', '2014-11-24 20:18:43', '29', '2', '3', '2', '1'), ('31', 'Маски', 'maski', '', '1', '', '', '2014-11-24 20:18:53', '2014-11-24 20:18:53', '29', '4', '5', '2', '1'), ('32', 'Специальный уход', 'specialnyj-uhod', '', '1', '', '', '2014-11-24 20:19:25', '2014-11-24 20:19:25', '29', '6', '7', '2', '1'), ('33', 'Средства для выпрямления', 'sredstva-dlya-vypryamleniya', '', '1', '', '', '2014-11-24 20:19:48', '2014-11-24 20:19:48', '29', '8', '9', '2', '1'), ('34', 'Наборы для волос', 'nabory-dlya-volos', '', '1', '', '', '2014-11-24 20:20:27', '2014-11-24 20:20:27', '29', '10', '11', '2', '1'), ('35', 'Для лица', 'dlya-lica', '', '1', '', '', '2014-11-24 20:20:36', '2014-11-24 20:20:36', null, '1', '22', '3', '0'), ('36', 'Очищение', 'ochishenie', '', '1', '', '', '2014-11-24 20:20:46', '2014-11-24 20:20:46', '35', '2', '3', '3', '1'), ('37', 'Крема/Лосьоны/Сыворотки', 'kremalosonysyvorotki', '', '1', '', '', '2014-11-24 20:20:59', '2014-11-24 20:20:59', '35', '4', '5', '3', '1'), ('38', 'Маски для лица', 'maski-dlya-lica', '', '1', '', '', '2014-11-24 20:21:55', '2014-11-24 20:21:55', '35', '6', '7', '3', '1'), ('39', 'Средства от акне', 'sredstva-ot-akne', '', '1', '', '', '2014-11-24 20:22:26', '2014-11-24 20:22:26', '35', '8', '9', '3', '1'), ('40', 'Тоники', 'toniki', '', '1', '', '', '2014-11-24 20:22:37', '2014-11-24 20:22:37', '35', '10', '11', '3', '1'), ('41', 'Уход за губами', 'uhod-za-gubami', '', '1', '', '', '2014-11-24 20:22:54', '2014-11-24 20:22:54', '35', '12', '13', '3', '1'), ('42', 'Уход за глазами', 'uhod-za-glazami', '', '1', '', '', '2014-11-24 20:23:06', '2014-11-24 20:23:06', '35', '14', '15', '3', '1'), ('43', 'Декоративная косметика', 'dekorativnaya-kosmetika', '', '1', '', '', '2014-11-24 20:23:25', '2014-11-24 20:23:25', '35', '16', '17', '3', '1'), ('44', 'Для снятия макияжа', 'dlya-snyatiya-makiyazha', '', '1', '', '', '2014-11-24 20:23:35', '2014-11-24 20:23:35', '35', '18', '19', '3', '1'), ('45', 'Наборы для лица', 'nabory-dlya-lica', '', '1', '', '', '2014-11-24 20:23:51', '2014-11-24 20:23:51', '35', '20', '21', '3', '1'), ('46', 'Для здоровья', 'dlya-zdorovya', '', '1', '', '', '2014-11-24 20:24:01', '2014-11-24 20:24:01', null, '1', '22', '4', '0'), ('47', 'БАДы', 'bady', '', '1', '', '', '2014-11-24 20:24:15', '2014-11-24 20:24:15', '46', '2', '3', '4', '1'), ('48', 'Мази/Крема', 'mazikrema', '', '1', '', '', '2014-11-24 20:24:35', '2014-11-24 20:24:35', '46', '4', '5', '4', '1'), ('49', 'От простуды', 'ot-prostudy', '', '1', '', '', '2014-11-24 20:24:48', '2014-11-24 20:24:48', '46', '6', '7', '4', '1'), ('50', 'Лечебные пластыри', 'lechebnye-plastyri', '', '1', '', '', '2014-11-24 20:25:04', '2014-11-24 20:25:04', '46', '8', '9', '4', '1'), ('51', 'Натуральные соки', 'naturalnye-soki', '', '1', '', '', '2014-11-24 20:25:15', '2014-11-24 20:25:15', '46', '10', '11', '4', '1'), ('52', 'Чай/Кофе/Напитки', 'chajkofenapitki', '', '1', '', '', '2014-11-24 20:25:26', '2014-11-24 20:25:26', '46', '12', '13', '4', '1'), ('53', 'Витамины', 'vitaminy', '', '1', '', '', '2014-11-24 20:25:36', '2014-11-24 20:25:36', '46', '14', '15', '4', '1'), ('54', 'Коллаген', 'kollagen', '', '1', '', '', '2014-11-24 20:25:48', '2014-11-24 20:25:48', '46', '16', '17', '4', '1'), ('55', 'Для банни и массажа', 'dlya-banni-i-massazha', '', '1', '', '', '2014-11-24 20:26:02', '2014-11-24 20:26:02', '46', '18', '19', '4', '1'), ('56', 'Разное', 'raznoe', '', '1', '', '', '2014-11-24 20:26:12', '2014-11-24 20:26:12', '46', '20', '21', '4', '1'), ('57', 'Для похудения', 'dlya-pohudeniya', '', '1', '', '', '2014-11-24 20:26:21', '2014-11-24 20:26:21', null, '1', '18', '5', '0'), ('58', 'Капсулы/Таблетки', 'kapsulytabletki', '', '1', '', '', '2014-11-24 20:26:33', '2014-11-24 20:26:33', '57', '2', '3', '5', '1'), ('59', 'Крема Лосьоны Сыворотки ', 'krema-losony-syvorotki', '', '1', '', '', '2014-11-24 20:27:23', '2014-11-24 20:27:23', '57', '4', '5', '5', '1'), ('60', 'Средства для душа', 'sredstva-dlya-dusha', '', '1', '', '', '2014-11-24 20:27:34', '2014-11-24 20:27:34', '57', '6', '7', '5', '1'), ('61', 'Пластыри', 'plastyri', '', '1', '', '', '2014-11-24 20:27:45', '2014-11-24 20:27:45', '57', '8', '9', '5', '1'), ('62', 'Массажеры', 'massazhery', '', '1', '', '', '2014-11-24 20:27:56', '2014-11-24 20:27:56', '57', '10', '11', '5', '1'), ('63', 'Чай Кофе Напитки', 'chaj-kofe-napitki', '', '1', '', '', '2014-11-24 20:28:26', '2014-11-24 20:28:26', '57', '12', '13', '5', '1'), ('64', 'Детокс программы', 'detoks-programmy', '', '1', '', '', '2014-11-24 20:28:46', '2014-11-24 20:28:46', '57', '14', '15', '5', '1'), ('65', 'Программы похудения', 'programmy-pohudeniya', '', '1', '', '', '2014-11-24 20:29:10', '2014-11-24 20:29:10', '57', '16', '17', '5', '1'), ('66', 'Натуральные масла', 'naturalnye-masla', '', '1', '', '', '2014-11-24 20:29:21', '2014-11-24 20:29:21', null, '1', '2', '6', '0'), ('67', 'Зубные пасты', 'zubnye-pasty', '', '1', '', '', '2014-11-24 20:29:36', '2014-11-24 20:29:36', null, '1', '2', '7', '0'), ('68', 'Мыло', 'mylo', '', '1', '', '', '2014-11-24 20:29:43', '2014-11-24 20:29:43', null, '1', '2', '8', '0'), ('69', 'Ароматерапия', 'aromaterapiya', '', '1', '', '', '2014-11-24 20:29:50', '2014-11-24 20:29:50', null, '1', '2', '9', '0'), ('70', 'Кулинария', 'kulinariya', '', '1', '', '', '2014-11-24 20:30:01', '2014-11-24 20:30:01', null, '1', '8', '10', '0'), ('71', 'Специи и приправы', 'specii-i-pripravy', '', '1', '', '', '2014-11-24 20:30:13', '2014-11-24 20:30:13', '70', '2', '3', '10', '1'), ('72', 'Соуса', 'sousa', '', '1', '', '', '2014-11-24 20:30:22', '2014-11-24 20:30:22', '70', '4', '5', '10', '1'), ('73', 'Для том яма', 'dlya-tom-yama', '', '1', '', '', '2014-11-24 20:30:36', '2014-11-24 20:30:36', '70', '6', '7', '10', '1'), ('74', 'Интересные товары', 'interesnye-tovary', '', '1', '', '', '2014-11-24 20:30:49', '2014-11-24 20:30:49', null, '1', '2', '11', '0');
COMMIT;

-- ----------------------------
--  Table structure for `characteristics`
-- ----------------------------
DROP TABLE IF EXISTS `characteristics`;
CREATE TABLE `characteristics` (
  `id` int(11) NOT NULL AUTO_INCREMENT,
  `characteristic_type_id` int(11) NOT NULL,
  `value` varchar(255) NOT NULL,
  `product_id` int(11) NOT NULL,
  PRIMARY KEY (`id`),
  UNIQUE KEY `characteristics_product_id_34239769ca21089c_uniq` (`product_id`,`characteristic_type_id`),
  KEY `characteristics_4fc2fbf7` (`characteristic_type_id`),
  KEY `characteristics_bb420c12` (`product_id`),
  CONSTRAINT `characteristic_type_id_refs_id_4e39de2bec03cb9b` FOREIGN KEY (`characteristic_type_id`) REFERENCES `characteristics_type` (`id`),
  CONSTRAINT `product_id_refs_id_575787770e49775a` FOREIGN KEY (`product_id`) REFERENCES `products` (`id`)
) ENGINE=InnoDB DEFAULT CHARSET=utf8;

-- ----------------------------
--  Table structure for `characteristics_type`
-- ----------------------------
DROP TABLE IF EXISTS `characteristics_type`;
CREATE TABLE `characteristics_type` (
  `id` int(11) NOT NULL AUTO_INCREMENT,
  `name` varchar(255) NOT NULL,
  PRIMARY KEY (`id`),
  UNIQUE KEY `characteristics_type_name_57a1a21ec2a5f28f_uniq` (`name`)
) ENGINE=InnoDB DEFAULT CHARSET=utf8;

-- ----------------------------
--  Table structure for `checkout_delivery`
-- ----------------------------
DROP TABLE IF EXISTS `checkout_delivery`;
CREATE TABLE `checkout_delivery` (
  `id` int(11) NOT NULL AUTO_INCREMENT,
  `delivery_type` varchar(100) NOT NULL,
  `weight` int(11) NOT NULL,
  `delivery_price` decimal(9,0) NOT NULL,
  `cart_id_delivery` varchar(50) NOT NULL,
  `gift_id` int(11),
  PRIMARY KEY (`id`),
  KEY `checkout_delivery_3a2c07ae` (`gift_id`),
  CONSTRAINT `gift_id_refs_id_3150b0c782fb2f5b` FOREIGN KEY (`gift_id`) REFERENCES `gift_price` (`id`)
) ENGINE=InnoDB AUTO_INCREMENT=64 DEFAULT CHARSET=utf8;

-- ----------------------------
--  Records of `checkout_delivery`
-- ----------------------------
BEGIN;
INSERT INTO `checkout_delivery` VALUES ('11', 'SPSurface', '445', '220', 'GoSrX4933)hyeV#(NTImSJQZ%#sI7H4Lo&3xcOl2MzuUGPzmiU', null), ('12', 'SPA', '640', '520', 'DtML2bnBsplej@NyD#j^T*uqzIlHlLRLplalr0v6oAIuR36p*#', null), ('13', 'EMS', '200', '1350', 'MZlecLdxziC!jfn$Y7tVhViyGv%Po2mr7h%KiNqdQxe0U33UtX', null), ('14', 'PS', '19080', '4379', 'dSENClDMQLT5@my^C0nfZ7GWW*#9fhF&HsO$L(a#$Ou4rUF)G8', null), ('15', 'PS', '4450', '1859', '4k3o*uI72N@%B4a@F5tXTaMwvPQe7etzvPDGH0@di&^#5V^ZwI', null), ('16', 'PS', '4450', '1859', '5qT(tQ*^0eUsRmq&&XYmIVJoOH1wl7uTs0YHa&Hk#LrhRyebT&', '5'), ('17', 'EMS', '640', '1830', 'c1q^Svohsp09IeWIunLL!2Y(VgN2mNB6ER)50ZnxkA#6NPZe$P', '7'), ('18', 'PS', '19600', '4379', 'wC*W&Q$I0xRDC7&$o93Rv$ysHZyqA9nmlwaZB&N!cSXoygrv^x', '6'), ('19', 'EMS', '22000', '14370', '74dVg7g*5vZQn86jJS32*Q9JV#@f1yCNNlQ97GFN2o8SA1hMUm', '6'), ('20', 'PS', '19180', '4379', 'mm&!6^5bKN*SJOjAqL*^M7Lxna7!L)b9FeBo7r%gjx$oiyS4F^', '6'), ('21', 'SPSurface', '320', '220', 'jtfNS^3A01c3$viGReNp%Kpxo&ErWq9z35A%MaQm*N&U0Zoe4f', null), ('22', 'SPSurface', '445', '220', '&ZH4eoddOk(BLYeSMl9St(DW&3ZBdxzMYpd#vwH$0wLX6X#s0H', null), ('23', 'EMS', '13200', '10080', 'Vpjtvk!tnb^3c4YyDIRQarvxk2MPewm8WGCmvlNKmXvFfdnHXu', '6'), ('24', 'EMS', '13200', '10080', 'qPAh%#%w^c0mPvXy&O9H*1@eqS!IU!t8VCpKlpIYDo!6VAKgLd', '6'), ('25', 'SPSurface', '1765', '600', 'kQXkXUP^YGHWEag$wm@dQf)Em)2Fq%VO&d3QtGWKYm8MtsPlC)', '7'), ('26', 'EMS', '3960', '3810', 'OTBU(&3PZNBuMCrpGa^R1xAHaPscn%ywB*S@9q%@c6o@%moD)0', '5'), ('27', 'SPSurface', '200', '160', 'q0HTt*Y9ObVyunOha5gi&KI%jwQYBueG*Ej63IxjKT9V%AsjPv', null), ('28', 'EMS', '6442', '5460', 'kWaI4SiJBl#GrxSP2$9TltrQ7lmz)37*9mY!AT7R@!$zlFC&H7', '5'), ('29', 'EMS', '7450', '6120', 'V4JcWgrNQRjXS(90EE9nPq$@T81U7kUaE1TZ9EOj@e*!XwTZE9', '5'), ('30', 'SPSurface', '200', '160', '(Re31xcs2#fAJCpvp(3B%M5mkwt(f5rv7qFEWjyy)kGFDi^pJY', null), ('31', 'SPSurface', '200', '160', '*&q4YJgvLxlHCR9!1UbnT%EqItXN5)#QYRH1nXo6X$B2qhj6a6', null), ('32', 'SPSurface', '240', '220', 'LIM7dxBZk($h7ieOLJcYol4&^11YU9)3f4Ig5DrX#Ia%o09Ytq', null), ('33', 'SPSurface', '200', '160', 'h!E1&CuBYvmyNC4DEA0(wjLudwNiaIc8G4V2EMshPr7rtQxy80', null), ('34', 'SPSurface', '200', '160', '0loLa#deISd*R*27zLsGv3LkNB2dwmZY33aNox#Ya^qJpDt!GG', null), ('35', 'EMS', '321', '1500', 'j6UZp80okjahiP^X62Zd9fq2aH84hvAZu&XvKx00uYgu#kRbas', null), ('36', 'SPSurface', '200', '160', 'm!tE!8eNDcxvU$uv!E#ZL8uHB^Bco)DpRW)Qfh1OCWWWZ@sFPZ', null), ('37', 'EMS', '1440', '2160', 'RmjYIro*B1NF35GyioCIyiw3!#rj!Xv^Mr4F*x30(#wxx5!P$W', '7'), ('38', 'EMS', '21200', '4800', 'xgH%AOibWm4r$RlM0o15eRUexQ6pArmEn(nfLKV0Guhja3d94Z', '6'), ('39', 'SPSurface', '760', '350', 'hY257lq#ggevlWmN^SUOF6Db91INV5!l&qa0Q4OC@qr9I42Eu%', null), ('40', 'PS', '3340', '1680', 'V@Nq@(DOk9G8ERz$NBy19A9seI0FRxVbhaZ$eiomi1hyr1oXbW', '7'), ('41', 'PS', '5620', '2027', 'jH2%*(FRfY*GdMpc0i(vmhWHq%8#%dmez#8@nmc0SX8V#o1EW0', '4'), ('42', 'SPSurface', '580', '350', 'J**L$OoNSW)6VYMfGe1J45oMlc%WVR&tlJ&&zpknJw7pmzUuDG', null), ('43', 'PS', '6520', '2195', ')D5icJnu2YaJFYt^LIN0yS$PHwI^3D6D6bBaYLhU^ICA5#9oak', '5'), ('44', 'PS', '6080', '2195', 'pm*bYj3YpovU!9b7)6Y0gSNaCXSLMjQQ%W41A)b$7Vzb9*ZDC*', '5'), ('45', 'PS', '7200', '2363', 'eb^2JOwaHyDNuwMkqMbPGn(GHzSbCiehEi5Hz2@)#FP9ECc!IV', '5'), ('46', 'PS', '5740', '2027', 'fMKkc#uEteE3KLVcTx3lOUALyW1RBrEVYftRbLyvZNDVa8J9^1', '5'), ('47', 'SPSurface', '350', '220', 'I%jkQmDgqDd7SkfV%LcTtUsekXp0TKqxz@^f^3PmQB)P@iZjDx', null), ('48', 'SPSurface', '350', '220', 'X7YJNjbGK2Qs7hy!hEUs(O@YLcQzOrXp*3O32g^Qeh7qiK&7#z', null), ('49', 'SPSurface', '400', '220', '6G4CwCXKwmulE(ayl$QcpHSU)S2Sn#3tFygCNTvEZ85723b!DG', null), ('50', 'SPSurface', '350', '220', 'D9MDKXH*KZlkxD)acQBGKjlimOl!*tfddRHGMHz4mA1(o4EvbX', null), ('51', 'SPSurface', '350', '220', '7nS@g5#E@v%fXqOt3hK2uW8IKI6KxeW9ZSM66pvU82I3aPCB26', null), ('52', 'SPSurface', '800', '350', 'DasSRqLGayKGcTYAm*FS(m%rGLkKF*5rSHbYLRx#8dO%riDkg2', null), ('53', 'SPSurface', '650', '350', 'H(2ijcq#6r5P1#LGVPJln^6kU5liDZ4SU6YNlA%qknxj*rSB$O', null), ('54', 'SPSurface', '420', '220', 'M04w*4uSVUZZHrq$wbXq8lK)I#8(j^E)d(J2VQ1SKFQkn%ZP%w', null), ('55', 'SPSurface', '260', '220', 'u0P9M))7@@fYLFxpS&1Pt#3vY3AGNFNWvNR0ZE8P%O9@&uKxDJ', null), ('56', 'SPSurface', '350', '220', 'L0AZODwGwsSa5Ztn8p@z#8FR5NjMUP!efZHfKQYWaBdj6z#YE4', null), ('57', 'SPSurface', '600', '350', 'gnOQ!E%y@@!YRd*ENn)4HORGhSX!iw4JPB8YFQ2MI(b@fsVeVn', null), ('58', 'SPSurface', '600', '350', 'FrtSg0ClEB6seWpdFTuvJMP*kvx8ta6bWn(u4Ae!vVgNRh45NN', null), ('59', 'SPSurface', '640', '350', 'tWb@PrykFnMjQP79J%7Qnq!N7)oLMcKSo8Q#saLh0aWk3QC#Zf', null), ('60', 'SPSurface', '260', '220', 'nZBnTg&%4AB&O3K#&R*wbcwE3Uk3(nFL3)iWRePxf)rloX&7u@', null), ('61', 'SPSurface', '400', '220', 'O90sIWkkcdJUGd7BgUtbl8intuiitAEddiV*otD1nSS5R9U3Dr', null), ('62', 'SPSurface', '1720', '600', '%G3t1&mFC8PruPvTTcTOozCUIg^rVv1(A5oursad042AQijZxC', null), ('63', 'PS', '2700', '1523', 'albs6ne7#PupqtsbO8vr)eUEP3ruC*CHv(Wntx5Hlj5UC*CEt5', '7');
COMMIT;

-- ----------------------------
--  Table structure for `checkout_order`
-- ----------------------------
DROP TABLE IF EXISTS `checkout_order`;
CREATE TABLE `checkout_order` (
  `id` int(11) NOT NULL AUTO_INCREMENT,
  `email` varchar(50) NOT NULL,
  `phone` varchar(20) NOT NULL,
  `shipping_name` varchar(50) NOT NULL,
  `shipping_address_1` varchar(50) NOT NULL,
  `shipping_city` varchar(50) NOT NULL,
  `date` datetime NOT NULL,
  `status` int(11) NOT NULL,
  `ip_address` char(15) NOT NULL,
  `last_updated` datetime NOT NULL,
  `user_id` int(11) DEFAULT NULL,
  `transaction_id` varchar(20) NOT NULL,
  `shipping_address_2` varchar(50) NOT NULL,
  `shipping_country` varchar(50) NOT NULL,
  `shipping_zip` varchar(10) NOT NULL,
  `payment_method` int(11) NOT NULL,
  `cupon_id` int(11),
  `delivery_id` int(11),
  PRIMARY KEY (`id`),
  KEY `checkout_order_fbfc09f1` (`user_id`),
  KEY `checkout_order_acee36ae` (`cupon_id`),
  KEY `delivery_id_refs_id_5b3503ca9138f906` (`delivery_id`),
  CONSTRAINT `cupon_id_refs_id_72c3588dd17966aa` FOREIGN KEY (`cupon_id`) REFERENCES `catalog_cupon` (`id`),
  CONSTRAINT `delivery_id_refs_id_5b3503ca9138f906` FOREIGN KEY (`delivery_id`) REFERENCES `checkout_delivery` (`id`),
  CONSTRAINT `user_id_refs_id_6abbfa5fa34ddcf1` FOREIGN KEY (`user_id`) REFERENCES `auth_user` (`id`)
) ENGINE=InnoDB AUTO_INCREMENT=83 DEFAULT CHARSET=utf8;

-- ----------------------------
--  Records of `checkout_order`
-- ----------------------------
BEGIN;
INSERT INTO `checkout_order` VALUES ('36', 'test@admintest.ru', '89138886899', 'FElksdla', 'lsajdfl 34 ', 'seversk', '2014-11-06 03:27:57', '1', '127.0.0.1', '2014-11-06 03:27:57', '1', '924757', 'alsdjf 434', 'russia', '345345', '1', '2', '11'), ('38', 'test@admintest.ru', '89138886899', 'FElksdla', 'lsajdfl 34 ', 'seversk', '2014-11-06 03:33:47', '1', '127.0.0.1', '2014-11-06 03:33:47', '1', '79984', 'alsdjf 434', 'russia', '345345', '1', '2', '11'), ('39', 'test@admintest.ru', '89138886899', 'FElksdla', 'lsajdfl 34 ', 'seversk', '2014-11-06 03:35:32', '1', '127.0.0.1', '2014-11-06 03:35:32', '1', '788914', 'alsdjf 434', 'russia', '345345', '1', '2', '11'), ('40', 'test@admintest.ru', '89138886899', 'FElksdla', 'lsajdfl 34 ', 'seversk', '2014-11-06 04:00:08', '1', '127.0.0.1', '2014-11-06 04:00:08', '1', '413723', 'alsdjf 434', 'russia', '345345', '1', '2', '11'), ('41', 'test@admintest.ru', '89138886899', 'FElksdla', 'lsajdfl 34 ', 'seversk', '2014-11-06 04:07:23', '1', '127.0.0.1', '2014-11-06 04:07:23', '1', '565299', 'alsdjf 434', 'russia', '345345', '1', '2', '11'), ('42', 'test@admintest.ru', '89138886899', 'FElksdla', 'lsajdfl 34 ', 'seversk', '2014-11-06 04:08:03', '1', '127.0.0.1', '2014-11-06 04:08:03', '1', '636261', 'alsdjf 434', 'russia', '345345', '1', '2', '12'), ('43', 'test@admintest.ru', '89138886899', 'FElksdla', 'lsajdfl 34 ', 'seversk', '2014-11-06 04:09:47', '1', '127.0.0.1', '2014-11-06 04:09:47', '1', '447323', 'alsdjf 434', 'russia', '345345', '1', '2', '13'), ('44', 'test@admintest.ru', '89138886899', 'FElksdla', 'lsajdfl 34 ', 'seversk', '2014-11-06 04:42:47', '1', '127.0.0.1', '2014-11-06 04:42:47', '1', '975983', 'alsdjf 434', 'russia', '345345', '1', '2', '14'), ('45', 'test@admintest.ru', '89138886899', 'FElksdla', 'lsajdfl 34 ', 'seversk', '2014-11-06 04:43:43', '1', '127.0.0.1', '2014-11-06 04:43:43', '1', '502322', 'alsdjf 434', 'russia', '345345', '1', '2', '15'), ('46', 'test@admintest.ru', '89138886899', 'FElksdla', 'lsajdfl 34 ', 'seversk', '2014-11-06 04:47:07', '1', '127.0.0.1', '2014-11-06 04:47:07', '1', '576808', 'alsdjf 434', 'russia', '345345', '1', '2', '16'), ('47', 'test@admintest.ru', '89138886899', 'FElksdla', 'lsajdfl 34 ', 'seversk', '2014-11-06 04:48:14', '1', '127.0.0.1', '2014-11-06 04:48:14', '1', '802855', 'alsdjf 434', 'russia', '345345', '1', '2', '17'), ('48', 'test@admintest.ru', '89138886899', 'FElksdla', 'lsajdfl 34 ', 'seversk', '2014-11-06 05:30:29', '1', '127.0.0.1', '2014-11-06 05:30:29', '1', '629034', 'alsdjf 434', 'russia', '345345', '1', '2', '18'), ('49', 'test@admintest.ru', '89138886899', 'FElksdla', 'lsajdfl 34 ', 'seversk', '2014-11-06 05:48:31', '1', '127.0.0.1', '2014-11-06 05:48:31', '1', '331499', 'alsdjf 434', 'russia', '345345', '1', '1', '20'), ('50', 'test@admintest.ru', '89138886899', 'FElksdla', 'lsajdfl 34 ', 'seversk', '2014-11-06 05:52:02', '1', '127.0.0.1', '2014-11-06 05:52:02', '1', '472287', 'alsdjf 434', 'russia', '345345', '1', '1', '21'), ('51', 'test@admintest.ru', '8-920-351-21-21', 'FElksdla', 'lsajdfl 34 ', 'seversk', '2014-11-14 23:35:20', '1', '127.0.0.1', '2014-11-14 23:35:20', '1', '941373', 'alsdjf 434', 'russia', '345345', '2', '2', '26'), ('52', 'test@admintest.ru', '8-920-351-21-21', 'FElksdla', 'lsajdfl 34 ', 'seversk', '2014-11-14 23:36:54', '1', '127.0.0.1', '2014-11-14 23:36:54', '1', '25842', 'alsdjf 434', 'russia', '345345', '1', '2', '27'), ('53', 'test@admintest.ru', '8-920-351-21-21', 'FElksdla', 'lsajdfl 34 ', 'seversk', '2014-11-16 20:41:42', '1', '127.0.0.1', '2014-11-16 20:41:42', '1', '879529', 'alsdjf 434', 'russia', '345345', '1', '2', '29'), ('54', 'test@admintest.ru', '8-920-351-21-21', 'FElksdla', 'lsajdfl 34 ', 'seversk', '2014-11-16 20:51:36', '1', '127.0.0.1', '2014-11-16 20:51:36', '1', '311817', 'alsdjf 434', 'russia', '345345', '1', '2', '30'), ('55', 'test@admintest.ru', '8-920-351-21-21', 'FElksdla', 'lsajdfl 34 ', 'seversk', '2014-11-16 20:52:15', '1', '127.0.0.1', '2014-11-16 20:52:15', '1', '35820', 'alsdjf 434', 'russia', '345345', '2', '2', '31'), ('56', 'test@admintest.ru', '8-920-351-21-21', 'FElksdla', 'lsajdfl 34 ', 'seversk', '2014-11-16 20:58:32', '1', '127.0.0.1', '2014-11-16 20:58:32', '1', '251880', 'alsdjf 434', 'russia', '345345', '2', '2', '32'), ('57', 'test@admintest.ru', '8-920-351-21-21', 'FElksdla', 'lsajdfl 34 ', 'seversk', '2014-11-16 21:00:48', '1', '127.0.0.1', '2014-11-16 21:00:48', '1', '410403', 'alsdjf 434', 'russia', '345345', '2', '2', '33'), ('58', 'test@admintest.ru', '8-920-351-21-21', 'FElksdla', 'lsajdfl 34 ', 'seversk', '2014-11-16 21:03:30', '1', '127.0.0.1', '2014-11-16 21:03:30', '1', '47238', 'alsdjf 434', 'russia', '345345', '2', '2', '34'), ('59', 'test@admintest.ru', '8-920-351-21-21', 'FElksdla', 'lsajdfl 34 ', 'seversk', '2014-11-16 21:18:34', '1', '127.0.0.1', '2014-11-16 21:18:34', '1', '380969', 'alsdjf 434', 'russia', '345345', '2', '2', '35'), ('60', 'test@admintest.ru', '8-920-351-21-21', 'FElksdla', 'lsajdfl 34 ', 'seversk', '2014-11-16 21:20:51', '1', '127.0.0.1', '2014-11-16 21:20:51', '1', '662938', 'alsdjf 434', 'russia', '345345', '2', '2', '36'), ('61', 'test@admintest.ru', '8-920-351-21-21', 'FElksdla', 'lsajdfl 34 ', 'seversk', '2014-11-16 21:38:43', '1', '127.0.0.1', '2014-11-16 21:38:43', '1', '831175', 'alsdjf 434', 'russia', '345345', '1', '2', '37'), ('62', 'test@admintest.ru', '8-920-351-21-21', 'FElksdla', 'lsajdfl 34 ', 'seversk', '2014-11-29 15:01:04', '1', '127.0.0.1', '2014-11-29 15:01:04', '1', '90048', 'alsdjf 434', 'russia', '345345', '2', '2', '39'), ('63', 'test@admintest.ru', '8-920-351-21-21', 'FElksdla', 'lsajdfl 34 ', 'seversk', '2014-11-29 21:43:08', '1', '127.0.0.1', '2014-11-29 21:43:08', '1', '807553', 'alsdjf 434', 'russia', '345345', '2', '2', '40'), ('64', 'test@admintest.ru', '8-920-351-21-21', 'FElksdla', 'lsajdfl 34 ', 'seversk', '2014-11-29 21:52:45', '1', '127.0.0.1', '2014-11-29 21:52:45', '1', '220930', 'alsdjf 434', 'russia', '345345', '2', '2', '40'), ('65', 'test@admintest.ru', '8-920-351-21-21', 'FElksdla', 'lsajdfl 34 ', 'seversk', '2014-11-29 22:18:10', '1', '127.0.0.1', '2014-11-29 22:18:10', '1', '322771', 'alsdjf 434', 'russia', '345345', '2', '2', '41'), ('66', 'test@admintest.ru', '8-920-351-21-21', 'FElksdla', 'lsajdfl 34 ', 'seversk', '2014-11-29 22:18:43', '1', '127.0.0.1', '2014-11-29 22:18:43', '1', '812105', 'alsdjf 434', 'russia', '345345', '2', '2', '41'), ('67', 'test@admintest.ru', '8-920-351-21-21', 'FElksdla', 'lsajdfl 34 ', 'seversk', '2014-11-29 22:22:54', '1', '127.0.0.1', '2014-11-29 22:22:54', '1', '196441', 'alsdjf 434', 'russia', '345345', '2', '2', '42'), ('68', 'test@admintest.ru', '8-920-351-21-21', 'FElksdla', 'lsajdfl 34 ', 'seversk', '2014-11-29 22:24:38', '1', '127.0.0.1', '2014-11-29 22:24:38', '1', '298170', 'alsdjf 434', 'russia', '345345', '2', '2', '43'), ('69', 'test@admintest.ru', '8-920-351-21-21', 'FElksdla', 'lsajdfl 34 ', 'seversk', '2014-12-01 00:22:26', '1', '127.0.0.1', '2014-12-01 00:22:26', '1', '926270', 'alsdjf 434', 'russia', '345345', '2', '2', '44'), ('70', 'test@admintest.ru', '8-920-351-21-21', 'FElksdla', 'lsajdfl 34 ', 'seversk', '2014-12-01 12:17:15', '1', '127.0.0.1', '2014-12-01 12:17:15', '1', '538539', 'alsdjf 434', 'russia', '345345', '2', '2', '45'), ('71', 'teamer777@icloud.com', '89138886899', 'Saha', 'ladkjfl', 'lajsdfl', '2014-12-03 19:22:44', '1', '127.0.0.1', '2014-12-03 19:22:44', null, '245025', 'lasjdkf', 'lasdkjfl', '234234', '2', '2', '47'), ('72', 'teamer777@icloud.com', '89264629961', 'SasAAAASS', 'aljdfl', 'ljfasldj', '2014-12-03 22:17:25', '1', '127.0.0.1', '2014-12-03 22:17:25', null, '450996', 'ljlasdjf', 'ljlsjdafl', '123123', '1', '2', '49'), ('73', 'micro@sldf.ru', '89203512128', 'ljLj', 'lj', 'lj', '2014-12-03 23:27:35', '1', '127.0.0.1', '2014-12-03 23:27:35', null, '868908', 'lj', 'lkj', '123123', '1', '2', '51'), ('74', 'robert@sldf.ru', '89138886899', 'lj', 'lj', 'ljk', '2014-12-03 23:38:07', '1', '127.0.0.1', '2014-12-03 23:38:07', null, '560598', 'lj', 'ljk', '123123', '1', '2', '52'), ('75', 'andrey@sdf.ru', '89203512122', 'hkhj', 'khj', 'khjk', '2014-12-03 23:45:07', '1', '127.0.0.1', '2014-12-03 23:45:07', null, '672167', 'jk', 'jh', '686876', '2', '2', '54'), ('76', 'garaj@sdf.ru', '89139993344', 'lJlkjljk', 'lj', 'lkjl', '2014-12-04 00:16:19', '1', '127.0.0.1', '2014-12-04 00:16:19', '18', '145328', 'kjljk', 'sadfasdf', '987978', '2', null, null), ('77', 'test@admintest.ru', '8-920-351-21-21', 'FElksdla', 'lsajdfl 34 ', 'seversk', '2014-12-04 00:28:36', '1', '127.0.0.1', '2014-12-04 00:28:36', '1', '418826', 'alsdjf 434', 'russia', '345345', '2', '2', '57'), ('78', 'tarkan@sdf.ru', '89264629961', 'whdfkh', 'khk', 'hjkjh', '2014-12-04 00:45:31', '1', '127.0.0.1', '2014-12-04 00:45:31', '19', '855744', 'jghkhj', 'kjhk', '121232', '2', '2', '58'), ('79', 'turnik@sdfsdf.ru', '89203512122', 'akjdlkhj', 'kjhlk', 'hlkhlk', '2014-12-04 00:57:06', '1', '127.0.0.1', '2014-12-04 00:57:06', '20', '80163', 'hlkhklhkj', 'hkhkkjh', '890890', '2', '2', '59'), ('80', 'greenteamer@sdf.ru', '89139993344', 'SASSSAA', 'sldjfl;j', 'ljklj;lj', '2014-12-04 01:05:46', '1', '127.0.0.1', '2014-12-04 01:05:46', '21', '622627', ';ljl', 'jl;jkljll', '987987', '2', '2', '60'), ('81', 'greenteamer@sldfkj.ru', '89827349256', 'lajsdfl;j', ';ljks;dljf;l', 'jl;j', '2014-12-04 01:06:52', '1', '127.0.0.1', '2014-12-04 01:06:52', '22', '606247', 'lkhkhlkh', 'klhlklkh', '098098', '2', '2', '61'), ('82', 'greenteamer@sldfkj.ru', '89827349256', 'lajsdfl;j', ';ljks;dljf;l', 'jl;j', '2014-12-04 16:17:05', '1', '127.0.0.1', '2014-12-04 16:17:05', '22', '713705', 'lkhkhlkh', 'klhlklkh', '098098', '2', '2', '62');
COMMIT;

-- ----------------------------
--  Table structure for `checkout_orderitem`
-- ----------------------------
DROP TABLE IF EXISTS `checkout_orderitem`;
CREATE TABLE `checkout_orderitem` (
  `id` int(11) NOT NULL AUTO_INCREMENT,
  `product_id` int(11) NOT NULL,
  `quantity` int(11) NOT NULL,
  `price` decimal(9,2) NOT NULL,
  `order_id` int(11) NOT NULL,
  `feel_id` int(11),
  `atributes_id` int(11) NOT NULL,
  PRIMARY KEY (`id`),
  KEY `checkout_orderitem_bb420c12` (`product_id`),
  KEY `checkout_orderitem_8337030b` (`order_id`),
  KEY `checkout_orderitem_b249770c` (`feel_id`),
  KEY `checkout_orderitem_57eefef0` (`atributes_id`),
  CONSTRAINT `atributes_id_refs_id_2e75e1ca90057f95` FOREIGN KEY (`atributes_id`) REFERENCES `product_volume` (`id`),
  CONSTRAINT `feel_id_refs_id_7f77b00ad0d78f07` FOREIGN KEY (`feel_id`) REFERENCES `Feel_product` (`id`),
  CONSTRAINT `order_id_refs_id_244a7339ca5e532c` FOREIGN KEY (`order_id`) REFERENCES `checkout_order` (`id`),
  CONSTRAINT `product_id_refs_id_46388334c40cb681` FOREIGN KEY (`product_id`) REFERENCES `products` (`id`)
) ENGINE=InnoDB AUTO_INCREMENT=40 DEFAULT CHARSET=utf8;

-- ----------------------------
--  Records of `checkout_orderitem`
-- ----------------------------
BEGIN;
INSERT INTO `checkout_orderitem` VALUES ('10', '13', '1', '300.00', '67', '1', '2'), ('11', '13', '1', '150.00', '68', '1', '1'), ('12', '13', '3', '300.00', '68', '1', '2'), ('13', '13', '4', '580.00', '68', '1', '3'), ('14', '21', '10', '300.00', '69', null, '4'), ('15', '13', '1', '580.00', '69', '4', '3'), ('16', '13', '1', '300.00', '69', '6', '2'), ('17', '13', '4', '580.00', '70', '1', '3'), ('18', '13', '1', '100.00', '70', '6', '1'), ('19', '13', '7', '100.00', '70', '1', '1'), ('20', '13', '1', '100.00', '70', '4', '1'), ('21', '13', '1', '300.00', '70', '5', '2'), ('22', '22', '1', '450.00', '71', null, '6'), ('23', '23', '1', '280.00', '72', null, '5'), ('24', '22', '1', '450.00', '73', null, '6'), ('25', '21', '1', '300.00', '74', null, '4'), ('26', '21', '1', '300.00', '74', null, '4'), ('27', '21', '1', '300.00', '74', null, '4'), ('28', '17', '1', '350.00', '75', null, '10'), ('29', '20', '1', '300.00', '77', null, '7'), ('30', '20', '1', '300.00', '77', null, '7'), ('31', '21', '1', '300.00', '78', null, '4'), ('32', '21', '1', '300.00', '78', null, '4'), ('33', '18', '1', '390.00', '79', null, '9'), ('34', '18', '1', '390.00', '79', null, '9'), ('35', '16', '1', '130.00', '80', null, '11'), ('36', '21', '1', '300.00', '81', null, '4'), ('37', '13', '2', '100.00', '82', '1', '1'), ('38', '13', '2', '300.00', '82', '4', '2'), ('39', '23', '2', '280.00', '82', null, '5');
COMMIT;

-- ----------------------------
--  Table structure for `checkout_orderoneclick`
-- ----------------------------
DROP TABLE IF EXISTS `checkout_orderoneclick`;
CREATE TABLE `checkout_orderoneclick` (
  `id` int(11) NOT NULL AUTO_INCREMENT,
  `product_name` varchar(128) NOT NULL,
  `phone` varchar(20) NOT NULL,
  PRIMARY KEY (`id`)
) ENGINE=InnoDB DEFAULT CHARSET=utf8;

-- ----------------------------
--  Table structure for `django_admin_log`
-- ----------------------------
DROP TABLE IF EXISTS `django_admin_log`;
CREATE TABLE `django_admin_log` (
  `id` int(11) NOT NULL AUTO_INCREMENT,
  `action_time` datetime NOT NULL,
  `user_id` int(11) NOT NULL,
  `content_type_id` int(11) DEFAULT NULL,
  `object_id` longtext,
  `object_repr` varchar(200) NOT NULL,
  `action_flag` smallint(5) unsigned NOT NULL,
  `change_message` longtext NOT NULL,
  PRIMARY KEY (`id`),
  KEY `django_admin_log_fbfc09f1` (`user_id`),
  KEY `django_admin_log_e4470c6e` (`content_type_id`),
  CONSTRAINT `content_type_id_refs_id_288599e6` FOREIGN KEY (`content_type_id`) REFERENCES `django_content_type` (`id`),
  CONSTRAINT `user_id_refs_id_c8665aa` FOREIGN KEY (`user_id`) REFERENCES `auth_user` (`id`)
) ENGINE=InnoDB AUTO_INCREMENT=329 DEFAULT CHARSET=utf8;

-- ----------------------------
--  Records of `django_admin_log`
-- ----------------------------
BEGIN;
INSERT INTO `django_admin_log` VALUES ('1', '2014-10-29 18:41:01', '1', '29', '1', '404 - служебная страница', '1', ''), ('2', '2014-10-29 18:51:38', '1', '17', '1', 'Категория1', '1', ''), ('3', '2014-10-29 18:51:46', '1', '20', '1', 'первый товар', '1', ''), ('4', '2014-10-29 18:51:59', '1', '20', '1', 'первый товар', '2', 'Добавлен product image \"первый товар\".'), ('5', '2014-10-29 22:03:56', '1', '30', '1', '50%', '1', ''), ('6', '2014-10-29 22:04:26', '1', '30', '2', 'zero', '1', ''), ('7', '2014-10-29 22:31:34', '1', '30', '2', 'zero(служебный не удалять)', '2', 'Изменен name.'), ('8', '2014-10-29 22:38:37', '1', '17', '2', 'Скидки', '1', ''), ('9', '2014-10-29 22:40:03', '1', '17', '2', 'Скидки', '3', ''), ('10', '2014-10-29 23:20:10', '1', '20', '1', 'первый товар', '2', 'Изменен new_price.'), ('11', '2014-10-29 23:23:35', '1', '17', '3', 'Категория 2', '1', ''), ('12', '2014-10-29 23:23:58', '1', '20', '2', 'Обычный товар', '1', ''), ('13', '2014-10-29 23:24:55', '1', '20', '3', 'Новый товар', '1', ''), ('14', '2014-10-29 23:25:26', '1', '20', '3', 'Новый товар', '2', 'Изменен categories.'), ('15', '2014-10-31 10:42:24', '1', '19', '1', '2500', '1', ''), ('16', '2014-10-31 10:42:28', '1', '20', '3', 'Новый товар', '2', 'Изменен gift.'), ('17', '2014-10-31 10:43:05', '1', '19', '2', '5000', '1', ''), ('18', '2014-10-31 10:43:15', '1', '19', '3', '10000', '1', ''), ('19', '2014-10-31 12:40:44', '1', '19', '3', 'Подарок на 10 000', '2', 'Изменен name.'), ('20', '2014-10-31 12:40:55', '1', '19', '2', 'Подарок на 5 000', '2', 'Изменен name.'), ('21', '2014-10-31 12:41:13', '1', '19', '1', 'Подарок на 2 500', '2', 'Изменен name.'), ('22', '2014-10-31 12:41:55', '1', '19', '3', 'Подарок на 10 000', '3', ''), ('23', '2014-10-31 12:41:55', '1', '19', '2', 'Подарок на 5 000', '3', ''), ('24', '2014-10-31 12:41:55', '1', '19', '1', 'Подарок на 2 500', '3', ''), ('25', '2014-10-31 12:42:17', '1', '19', '4', 'подарок на 2 500', '1', ''), ('26', '2014-10-31 13:19:24', '1', '19', '5', 'Подарок на 3 000', '1', ''), ('27', '2014-10-31 15:33:26', '1', '19', '6', 'Подарок на 10 000', '1', ''), ('28', '2014-10-31 15:33:36', '1', '19', '4', 'подарок на 2 500', '2', 'Изменен product.'), ('29', '2014-10-31 17:21:48', '1', '19', '7', 'Подарок от 1 500', '1', ''), ('30', '2014-10-31 17:22:21', '1', '19', '4', 'подарок на 2 500', '2', 'Изменен product.'), ('31', '2014-10-31 17:22:28', '1', '19', '6', 'Подарок на 10 000', '2', 'Изменен product.'), ('32', '2014-10-31 19:05:28', '1', '19', '7', 'Подарок от 1 500', '2', 'Изменен description и image.'), ('33', '2014-10-31 19:14:38', '1', '19', '4', 'подарок на 2 500', '2', 'Изменен description и image.'), ('34', '2014-10-31 19:14:48', '1', '19', '5', 'Подарок на 3 000', '2', 'Изменен description и image.'), ('35', '2014-10-31 19:14:57', '1', '19', '6', 'Подарок на 10 000', '2', 'Изменен description и image.'), ('36', '2014-10-31 19:34:43', '1', '29', '2', 'О нас', '1', ''), ('37', '2014-10-31 20:16:11', '1', '32', '1', 'Тайланд', '1', ''), ('38', '2014-10-31 20:16:18', '1', '32', '2', 'Китай', '1', ''), ('39', '2014-10-31 20:16:22', '1', '32', '3', 'Индия', '1', ''), ('40', '2014-10-31 20:16:29', '1', '32', '4', 'Индонезия', '1', ''), ('41', '2014-10-31 20:16:58', '1', '20', '3', 'Новый товар', '2', 'Ни одно поле не изменено.'), ('42', '2014-10-31 20:17:04', '1', '20', '2', 'Обычный товар', '2', 'Ни одно поле не изменено.'), ('43', '2014-10-31 20:17:12', '1', '20', '1', 'первый товар', '2', 'Изменен brand_name.'), ('44', '2014-11-01 02:09:06', '1', '33', '3', 'Отзыв: Александр', '3', ''), ('45', '2014-11-01 02:40:46', '1', '34', '1', 'Первая статья в блог', '1', ''), ('46', '2014-11-01 02:41:00', '1', '34', '2', 'Вторая статья в блог', '1', ''), ('47', '2014-11-01 02:41:13', '1', '34', '3', 'Третья статья в блог', '1', ''), ('48', '2014-11-01 13:33:37', '1', '34', '1', 'Первая статья в блог', '2', 'Ни одно поле не изменено.'), ('49', '2014-11-02 16:04:04', '1', '20', '3', 'Новый товар', '2', 'Изменен price и new_price.'), ('50', '2014-11-02 16:05:58', '1', '20', '3', 'Новый товар', '2', 'Изменен price.'), ('51', '2014-11-02 20:28:26', '1', '20', '2', 'Обычный товар', '2', 'Изменен price.'), ('52', '2014-11-02 20:33:34', '1', '20', '3', 'Новый товар', '2', 'Изменен price.'), ('53', '2014-11-02 20:40:01', '1', '20', '2', 'Обычный товар', '2', 'Изменен price.'), ('54', '2014-11-02 20:40:51', '1', '20', '2', 'Обычный товар', '2', 'Изменен price.'), ('55', '2014-11-03 01:44:43', '1', '25', '25', 'Заказ №25', '1', ''), ('56', '2014-11-03 01:49:12', '1', '25', '25', 'Заказ №25', '2', 'Ни одно поле не изменено.'), ('57', '2014-11-03 02:00:24', '1', '25', '26', 'Заказ №26', '1', ''), ('58', '2014-11-03 02:01:27', '1', '25', '26', 'Заказ №26', '2', 'Изменен cupon.'), ('59', '2014-11-03 02:59:04', '1', '20', '3', 'Новый товар', '2', 'Изменен weight.'), ('60', '2014-11-03 02:59:15', '1', '20', '2', 'Обычный товар', '2', 'Изменен weight.'), ('61', '2014-11-03 02:59:28', '1', '20', '1', 'первый товар', '2', 'Изменен weight.'), ('62', '2014-11-05 04:23:42', '1', '20', '3', 'Новый товар', '2', 'Изменен is_aqua.'), ('63', '2014-11-06 03:18:43', '1', '25', '32', 'Заказ №32', '2', 'Изменен delivery.'), ('64', '2014-11-06 03:26:47', '1', '25', '33', 'Заказ №33', '3', ''), ('65', '2014-11-06 03:26:47', '1', '25', '32', 'Заказ №32', '3', ''), ('66', '2014-11-06 03:26:47', '1', '25', '31', 'Заказ №31', '3', ''), ('67', '2014-11-06 03:26:47', '1', '25', '30', 'Заказ №30', '3', ''), ('68', '2014-11-06 03:26:47', '1', '25', '29', 'Заказ №29', '3', ''), ('69', '2014-11-06 03:26:47', '1', '25', '28', 'Заказ №28', '3', ''), ('70', '2014-11-06 03:26:47', '1', '25', '27', 'Заказ №27', '3', ''), ('71', '2014-11-06 03:26:47', '1', '25', '26', 'Заказ №26', '3', ''), ('72', '2014-11-06 03:26:47', '1', '25', '25', 'Заказ №25', '3', ''), ('73', '2014-11-06 03:26:47', '1', '25', '24', 'Заказ №24', '3', ''), ('74', '2014-11-06 03:26:47', '1', '25', '23', 'Заказ №23', '3', ''), ('75', '2014-11-06 03:26:47', '1', '25', '22', 'Заказ №22', '3', ''), ('76', '2014-11-06 03:26:47', '1', '25', '21', 'Заказ №21', '3', ''), ('77', '2014-11-06 03:26:47', '1', '25', '20', 'Заказ №20', '3', ''), ('78', '2014-11-06 03:26:47', '1', '25', '19', 'Заказ №19', '3', ''), ('79', '2014-11-06 03:26:47', '1', '25', '18', 'Заказ №18', '3', ''), ('80', '2014-11-06 03:26:47', '1', '25', '17', 'Заказ №17', '3', ''), ('81', '2014-11-06 03:26:47', '1', '25', '16', 'Заказ №16', '3', ''), ('82', '2014-11-06 03:26:47', '1', '25', '15', 'Заказ №15', '3', ''), ('83', '2014-11-06 03:26:47', '1', '25', '14', 'Заказ №14', '3', ''), ('84', '2014-11-06 03:26:47', '1', '25', '13', 'Заказ №13', '3', ''), ('85', '2014-11-06 03:26:47', '1', '25', '12', 'Заказ №12', '3', ''), ('86', '2014-11-06 03:26:47', '1', '25', '11', 'Заказ №11', '3', ''), ('87', '2014-11-06 03:26:47', '1', '25', '10', 'Заказ №10', '3', ''), ('88', '2014-11-06 03:26:47', '1', '25', '9', 'Заказ №9', '3', ''), ('89', '2014-11-06 03:26:47', '1', '25', '8', 'Заказ №8', '3', ''), ('90', '2014-11-06 03:26:47', '1', '25', '7', 'Заказ №7', '3', ''), ('91', '2014-11-06 03:26:47', '1', '25', '6', 'Заказ №6', '3', ''), ('92', '2014-11-06 03:26:47', '1', '25', '5', 'Заказ №5', '3', ''), ('93', '2014-11-06 03:26:47', '1', '25', '4', 'Заказ №4', '3', ''), ('94', '2014-11-06 03:26:47', '1', '25', '3', 'Заказ №3', '3', ''), ('95', '2014-11-06 03:26:47', '1', '25', '2', 'Заказ №2', '3', ''), ('96', '2014-11-06 03:26:47', '1', '25', '1', 'Заказ №1', '3', ''), ('97', '2014-11-06 04:25:38', '1', '19', '6', 'Подарок на 10 000', '2', 'Изменен weight.'), ('98', '2014-11-06 04:25:49', '1', '19', '7', 'Подарок от 1 500', '2', 'Изменен weight.'), ('99', '2014-11-06 04:25:57', '1', '19', '4', 'подарок на 2 500', '2', 'Изменен weight.'), ('100', '2014-11-06 04:26:03', '1', '19', '5', 'Подарок на 3 000', '2', 'Изменен weight.'), ('101', '2014-11-06 04:26:10', '1', '19', '6', 'Подарок на 10 000', '2', 'Изменен weight.'), ('102', '2014-11-13 20:05:11', '1', '17', '4', 'Вложенная категория 1', '1', ''), ('103', '2014-11-13 20:05:30', '1', '17', '5', 'вложенная категория 2', '1', ''), ('104', '2014-11-13 20:05:49', '1', '17', '6', 'вложенная категория 3', '1', ''), ('105', '2014-11-13 21:27:13', '1', '17', '7', 'вложенная категория 4', '1', ''), ('106', '2014-11-13 21:27:28', '1', '17', '8', 'вложенная категория 5', '1', ''), ('107', '2014-11-13 21:37:05', '1', '17', '9', 'категория 3', '1', ''), ('108', '2014-11-13 21:41:24', '1', '17', '10', 'вложенная подкатегория 1', '1', ''), ('109', '2014-11-13 21:43:59', '1', '17', '10', 'вложенная подкатегория 1', '3', ''), ('110', '2014-11-13 21:45:46', '1', '17', '6', 'вложенная категория 3', '2', 'Ни одно поле не изменено.'), ('111', '2014-11-13 21:46:01', '1', '17', '5', 'вложенная категория 2', '2', 'Ни одно поле не изменено.'), ('112', '2014-11-13 21:46:09', '1', '17', '6', 'вложенная категория 3', '2', 'Ни одно поле не изменено.'), ('113', '2014-11-13 21:47:29', '1', '17', '4', 'Вложенная категория 1', '3', ''), ('114', '2014-11-13 21:47:29', '1', '17', '5', 'вложенная категория 2', '3', ''), ('115', '2014-11-13 21:47:29', '1', '17', '6', 'вложенная категория 3', '3', ''), ('116', '2014-11-13 21:47:29', '1', '17', '7', 'вложенная категория 4', '3', ''), ('117', '2014-11-13 21:47:29', '1', '17', '8', 'вложенная категория 5', '3', ''), ('118', '2014-11-13 21:47:53', '1', '17', '1', 'Категория1', '2', 'Ни одно поле не изменено.'), ('119', '2014-11-13 21:48:10', '1', '17', '3', 'Категория 2', '3', ''), ('120', '2014-11-13 21:48:10', '1', '17', '9', 'категория 3', '3', ''), ('121', '2014-11-13 21:48:10', '1', '17', '1', 'Категория1', '3', ''), ('122', '2014-11-13 21:48:33', '1', '17', '11', 'категория1', '1', ''), ('123', '2014-11-13 21:48:42', '1', '17', '12', 'категория2', '1', ''), ('124', '2014-11-13 21:48:51', '1', '17', '13', 'категория3', '1', ''), ('125', '2014-11-13 21:49:08', '1', '17', '14', 'вложенная категория 1', '1', ''), ('126', '2014-11-13 21:49:23', '1', '17', '15', 'вложенная категория 2', '1', ''), ('127', '2014-11-13 22:28:15', '1', '20', '3', 'Новый товар', '2', 'Изменен categories.'), ('128', '2014-11-13 22:28:22', '1', '20', '2', 'Обычный товар', '2', 'Изменен categories.'), ('129', '2014-11-13 22:28:29', '1', '20', '1', 'первый товар', '2', 'Изменен categories.'), ('130', '2014-11-13 22:30:25', '1', '20', '4', 'Супер товар', '1', ''), ('131', '2014-11-13 22:40:48', '1', '20', '5', 'товар товар', '1', ''), ('132', '2014-11-13 22:41:29', '1', '20', '6', 'товар отличный', '1', ''), ('133', '2014-11-13 22:42:07', '1', '20', '7', 'товар всем товарам товар', '1', ''), ('134', '2014-11-13 23:50:04', '1', '20', '7', 'товар всем товарам товар', '2', 'Изменен new_price.'), ('135', '2014-11-14 09:07:22', '1', '20', '5', 'товар товар', '2', 'Добавлен product image \"товар товар\".'), ('136', '2014-11-14 22:22:11', '1', '20', '5', 'товар товар', '2', 'Добавлен product image \"товар товар\". Добавлен product image \"товар товар\".'), ('137', '2014-11-14 22:41:53', '1', '20', '5', 'товар товар', '2', 'Ни одно поле не изменено.'), ('138', '2014-11-14 23:08:52', '1', '20', '5', 'товар товар', '2', 'Изменен is_aqua.'), ('139', '2014-11-14 23:10:46', '1', '20', '5', 'товар товар', '2', 'Изменен is_aqua.'), ('140', '2014-11-14 23:13:58', '1', '20', '5', 'товар товар', '2', 'Изменен is_aqua.'), ('141', '2014-11-14 23:14:32', '1', '20', '5', 'товар товар', '2', 'Изменен new_price.'), ('142', '2014-11-14 23:15:29', '1', '20', '6', 'товар отличный', '2', 'Добавлен product image \"товар отличный\".'), ('143', '2014-11-16 22:09:25', '1', '20', '4', 'Супер товар', '2', 'Изменен is_new.'), ('144', '2014-11-16 22:20:43', '1', '29', '3', 'Контакты', '1', ''), ('145', '2014-11-24 20:13:05', '1', '17', '14', 'вложенная категория 1', '3', ''), ('146', '2014-11-24 20:13:05', '1', '17', '15', 'вложенная категория 2', '3', ''), ('147', '2014-11-24 20:13:05', '1', '17', '11', 'категория1', '3', ''), ('148', '2014-11-24 20:13:05', '1', '17', '12', 'категория2', '3', ''), ('149', '2014-11-24 20:13:05', '1', '17', '13', 'категория3', '3', ''), ('150', '2014-11-24 20:15:26', '1', '17', '16', 'Для тела', '1', ''), ('151', '2014-11-24 20:15:43', '1', '17', '17', 'Крема и лосьоны', '1', ''), ('152', '2014-11-24 20:15:57', '1', '17', '18', 'Для ванны и душа', '1', ''), ('153', '2014-11-24 20:16:10', '1', '17', '17', 'Крема и лосьоны', '2', 'Изменен parent.'), ('154', '2014-11-24 20:16:15', '1', '17', '18', 'Для ванны и душа', '2', 'Изменен parent.'), ('155', '2014-11-24 20:16:31', '1', '17', '19', 'Уход за руками', '1', ''), ('156', '2014-11-24 20:16:44', '1', '17', '20', 'Уход за ногами', '1', ''), ('157', '2014-11-24 20:17:00', '1', '17', '21', 'Средства для похудения', '1', ''), ('158', '2014-11-24 20:17:10', '1', '17', '22', 'Для массажа', '1', ''), ('159', '2014-11-24 20:17:34', '1', '17', '23', 'Дезодоранты', '1', ''), ('160', '2014-11-24 20:17:43', '1', '17', '24', 'Средства для груди', '1', ''), ('161', '2014-11-24 20:17:53', '1', '17', '25', 'Тальки и присыпки', '1', ''), ('162', '2014-11-24 20:18:04', '1', '17', '26', 'От растяжек и шрамов', '1', ''), ('163', '2014-11-24 20:18:14', '1', '17', '27', 'Средства для загара', '1', ''), ('164', '2014-11-24 20:18:24', '1', '17', '28', 'Наборы', '1', ''), ('165', '2014-11-24 20:18:33', '1', '17', '29', 'Для волос', '1', ''), ('166', '2014-11-24 20:18:43', '1', '17', '30', 'Основной уход', '1', ''), ('167', '2014-11-24 20:18:53', '1', '17', '31', 'Маски', '1', ''), ('168', '2014-11-24 20:19:25', '1', '17', '32', 'Специальный уход', '1', ''), ('169', '2014-11-24 20:19:48', '1', '17', '33', 'Средства для выпрямления', '1', ''), ('170', '2014-11-24 20:20:27', '1', '17', '34', 'Наборы для волос', '1', ''), ('171', '2014-11-24 20:20:36', '1', '17', '35', 'Для лица', '1', ''), ('172', '2014-11-24 20:20:46', '1', '17', '36', 'Очищение', '1', ''), ('173', '2014-11-24 20:20:59', '1', '17', '37', 'Крема/Лосьоны/Сыворотки', '1', ''), ('174', '2014-11-24 20:21:55', '1', '17', '38', 'Маски для лица', '1', ''), ('175', '2014-11-24 20:22:26', '1', '17', '39', 'Средства от акне', '1', ''), ('176', '2014-11-24 20:22:37', '1', '17', '40', 'Тоники', '1', ''), ('177', '2014-11-24 20:22:54', '1', '17', '41', 'Уход за губами', '1', ''), ('178', '2014-11-24 20:23:06', '1', '17', '42', 'Уход за глазами', '1', ''), ('179', '2014-11-24 20:23:25', '1', '17', '43', 'Декоративная косметика', '1', ''), ('180', '2014-11-24 20:23:35', '1', '17', '44', 'Для снятия макияжа', '1', ''), ('181', '2014-11-24 20:23:51', '1', '17', '45', 'Наборы для лица', '1', ''), ('182', '2014-11-24 20:24:01', '1', '17', '46', 'Для здоровья', '1', ''), ('183', '2014-11-24 20:24:15', '1', '17', '47', 'БАДы', '1', ''), ('184', '2014-11-24 20:24:35', '1', '17', '48', 'Мази/Крема', '1', ''), ('185', '2014-11-24 20:24:48', '1', '17', '49', 'От простуды', '1', ''), ('186', '2014-11-24 20:25:04', '1', '17', '50', 'Лечебные пластыри', '1', ''), ('187', '2014-11-24 20:25:15', '1', '17', '51', 'Натуральные соки', '1', ''), ('188', '2014-11-24 20:25:26', '1', '17', '52', 'Чай/Кофе/Напитки', '1', ''), ('189', '2014-11-24 20:25:36', '1', '17', '53', 'Витамины', '1', ''), ('190', '2014-11-24 20:25:48', '1', '17', '54', 'Коллаген', '1', ''), ('191', '2014-11-24 20:26:02', '1', '17', '55', 'Для банни и массажа', '1', ''), ('192', '2014-11-24 20:26:12', '1', '17', '56', 'Разное', '1', ''), ('193', '2014-11-24 20:26:21', '1', '17', '57', 'Для похудения', '1', ''), ('194', '2014-11-24 20:26:33', '1', '17', '58', 'Капсулы/Таблетки', '1', ''), ('195', '2014-11-24 20:27:23', '1', '17', '59', 'Крема Лосьоны Сыворотки ', '1', ''), ('196', '2014-11-24 20:27:34', '1', '17', '60', 'Средства для душа', '1', ''), ('197', '2014-11-24 20:27:45', '1', '17', '61', 'Пластыри', '1', ''), ('198', '2014-11-24 20:27:56', '1', '17', '62', 'Массажеры', '1', ''), ('199', '2014-11-24 20:28:26', '1', '17', '63', 'Чай Кофе Напитки', '1', ''), ('200', '2014-11-24 20:28:46', '1', '17', '64', 'Детокс программы', '1', ''), ('201', '2014-11-24 20:29:10', '1', '17', '65', 'Программы похудения', '1', ''), ('202', '2014-11-24 20:29:21', '1', '17', '66', 'Натуральные масла', '1', ''), ('203', '2014-11-24 20:29:36', '1', '17', '67', 'Зубные пасты', '1', ''), ('204', '2014-11-24 20:29:43', '1', '17', '68', 'Мыло', '1', ''), ('205', '2014-11-24 20:29:50', '1', '17', '69', 'Ароматерапия', '1', ''), ('206', '2014-11-24 20:30:01', '1', '17', '70', 'Кулинария', '1', ''), ('207', '2014-11-24 20:30:13', '1', '17', '71', 'Специи и приправы', '1', ''), ('208', '2014-11-24 20:30:22', '1', '17', '72', 'Соуса', '1', ''), ('209', '2014-11-24 20:30:36', '1', '17', '73', 'Для том яма', '1', ''), ('210', '2014-11-24 20:30:49', '1', '17', '74', 'Интересные товары', '1', ''), ('211', '2014-11-24 20:44:12', '1', '20', '7', 'товар всем товарам товар', '3', ''), ('212', '2014-11-24 20:44:12', '1', '20', '6', 'товар отличный', '3', ''), ('213', '2014-11-24 20:44:12', '1', '20', '5', 'товар товар', '3', ''), ('214', '2014-11-24 20:44:12', '1', '20', '4', 'Супер товар', '3', ''), ('215', '2014-11-24 20:44:12', '1', '20', '3', 'Новый товар', '3', ''), ('216', '2014-11-24 20:44:12', '1', '20', '2', 'Обычный товар', '3', ''), ('217', '2014-11-24 20:44:12', '1', '20', '1', 'первый товар', '3', ''), ('218', '2014-11-24 21:22:44', '1', '32', '5', 'Thann', '1', ''), ('219', '2014-11-24 21:24:38', '1', '20', '8', 'Рисовое мыло с углем Thann', '1', ''), ('220', '2014-11-24 21:35:55', '1', '20', '8', 'Рисовое мыло с углем Thann', '2', 'Изменены image для product image \"Рисовое мыло с углем Thann\".'), ('221', '2014-11-24 21:37:29', '1', '20', '8', 'Рисовое мыло с углем Thann', '2', 'Изменены image для product image \"Рисовое мыло с углем Thann\".'), ('222', '2014-11-24 21:38:36', '1', '20', '8', 'Рисовое мыло с углем Thann', '2', 'Изменены image для product image \"Рисовое мыло с углем Thann\".'), ('223', '2014-11-24 21:41:24', '1', '20', '8', 'Рисовое мыло с углем Thann', '2', 'Изменены image для product image \"Рисовое мыло с углем Thann\".'), ('224', '2014-11-24 21:49:44', '1', '20', '9', 'Рисовое мыло Thann', '1', ''), ('225', '2014-11-24 21:54:18', '1', '32', '6', 'Boots', '1', ''), ('226', '2014-11-24 21:54:53', '1', '20', '10', 'Boots интенсивно-увлажняющий крем', '1', ''), ('227', '2014-11-24 21:58:03', '1', '32', '7', 'LemongrassHouse', '1', ''), ('228', '2014-11-24 21:58:19', '1', '32', '4', 'Индонезия', '3', ''), ('229', '2014-11-24 21:58:19', '1', '32', '3', 'Индия', '3', ''), ('230', '2014-11-24 21:58:19', '1', '32', '2', 'Китай', '3', ''), ('231', '2014-11-24 21:58:19', '1', '32', '1', 'Тайланд', '3', ''), ('232', '2014-11-24 21:59:18', '1', '20', '11', 'Крем для ног «Дикая мята»', '1', ''), ('233', '2014-11-24 22:04:14', '1', '20', '8', 'Рисовое мыло с углем Thann', '2', 'Изменены image для product image \"Рисовое мыло с углем Thann\".'), ('234', '2014-11-24 22:04:33', '1', '20', '9', 'Рисовое мыло Thann', '2', 'Изменены image для product image \"Рисовое мыло Thann\".'), ('235', '2014-11-24 22:09:08', '1', '20', '12', 'Крем для ног \"Изумительный банан\" ', '1', ''), ('236', '2014-11-24 22:11:53', '1', '18', '1', 'Нони', '1', ''), ('237', '2014-11-24 22:12:48', '1', '18', '2', 'Алое вера', '1', ''), ('238', '2014-11-24 22:12:56', '1', '18', '3', 'Мангостин', '1', ''), ('239', '2014-11-24 22:13:02', '1', '18', '4', 'Банан', '1', ''), ('240', '2014-11-24 22:13:09', '1', '18', '5', 'Мангостин', '1', ''), ('241', '2014-11-24 22:13:17', '1', '18', '6', 'Кокос', '1', ''), ('242', '2014-11-24 22:13:24', '1', '18', '7', 'Ананас', '1', ''), ('243', '2014-11-24 22:13:57', '1', '20', '13', 'крем для ног с экстрактами', '1', ''), ('244', '2014-11-24 22:15:51', '1', '20', '13', 'крем для ног с экстрактами', '2', 'Изменен feel.'), ('245', '2014-11-24 22:20:07', '1', '20', '13', 'крем для ног с экстрактами', '2', 'Ни одно поле не изменено.'), ('246', '2014-11-24 22:28:44', '1', '32', '8', 'Bio Way', '1', ''), ('247', '2014-11-24 22:29:30', '1', '20', '14', 'Крем для ног от натоптышей с бананом', '1', ''), ('248', '2014-11-24 22:31:18', '1', '20', '15', 'Крем от трещин Boots', '1', ''), ('249', '2014-11-24 22:33:04', '1', '20', '16', 'Крем от загрубевшей кожи на пятках', '1', ''), ('250', '2014-11-24 22:34:17', '1', '20', '17', 'Нежный баттер для ног ', '1', ''), ('251', '2014-11-24 22:36:02', '1', '20', '18', 'Освежающий спрей для ног', '1', ''), ('252', '2014-11-24 22:36:42', '1', '32', '9', 'Natunes', '1', ''), ('253', '2014-11-24 22:37:13', '1', '20', '19', 'Пилинг маска для ног', '1', ''), ('254', '2014-11-24 22:38:35', '1', '32', '10', 'Richenna', '1', ''), ('255', '2014-11-24 22:39:05', '1', '20', '20', 'Пилинг носочки Richenna', '1', ''), ('256', '2014-11-24 22:40:10', '1', '20', '21', 'Скраб для ног Boots', '1', ''), ('257', '2014-11-24 22:41:11', '1', '32', '11', 'Sabai-arom', '1', ''), ('258', '2014-11-24 22:42:01', '1', '20', '22', 'Смягчающий крем для ног «Божественное манго»', '1', ''), ('259', '2014-11-24 22:43:05', '1', '20', '23', 'Спрей для ног', '1', ''), ('260', '2014-11-24 22:44:03', '1', '20', '22', 'Смягчающий крем для ног «Божественное манго»', '2', 'Изменены image для product image \"Смягчающий крем для ног «Божественное манго»\".'), ('261', '2014-11-24 22:47:33', '1', '20', '23', 'Спрей для ног', '2', 'Изменен is_new.'), ('262', '2014-11-24 22:47:50', '1', '20', '23', 'Спрей для ног', '2', 'Изменен is_new.'), ('263', '2014-11-24 22:48:09', '1', '20', '20', 'Пилинг носочки Richenna', '2', 'Изменен is_bestseller и is_new.'), ('264', '2014-11-25 14:59:04', '1', '29', '3', 'Контакты', '2', 'Изменен text.'), ('265', '2014-11-25 14:59:24', '1', '29', '3', 'Контакты', '2', 'Изменен text.'), ('266', '2014-11-25 15:46:51', '1', '29', '4', 'Акции', '1', ''), ('267', '2014-11-25 15:48:26', '1', '29', '4', 'Акции', '2', 'Изменен text.'), ('268', '2014-11-25 15:49:45', '1', '29', '2', 'О нас', '2', 'Изменен text.'), ('269', '2014-11-25 15:51:47', '1', '29', '2', 'О нас', '2', 'Изменен text.'), ('270', '2014-11-25 15:52:51', '1', '20', '20', 'Пилинг носочки Richenna', '2', 'Изменен new_price.'), ('271', '2014-11-25 15:54:01', '1', '29', '5', 'Как сделать заказ', '1', ''), ('272', '2014-11-25 15:55:16', '1', '29', '6', 'Доставка общая информация', '1', ''), ('273', '2014-11-25 15:55:45', '1', '29', '7', 'Цены на доставку', '1', ''), ('274', '2014-11-25 15:56:06', '1', '29', '8', 'Отслеживание посылок', '1', ''), ('275', '2014-11-25 15:57:26', '1', '29', '9', 'Вопрос — ответ', '1', ''), ('276', '2014-11-25 15:58:19', '1', '29', '10', 'Для оптовых покупателей', '1', ''), ('277', '2014-11-25 16:03:41', '1', '33', '1', 'Отзыв: FElksdla', '2', 'Изменен review.'), ('278', '2014-11-25 16:03:54', '1', '33', '6', 'Отзыв: Александр', '3', ''), ('279', '2014-11-25 16:03:54', '1', '33', '5', 'Отзыв: test3', '3', ''), ('280', '2014-11-25 16:03:54', '1', '33', '4', 'Отзыв: Александр', '3', ''), ('281', '2014-11-25 16:04:18', '1', '33', '2', 'Отзыв: ldjl', '2', 'Изменен review.'), ('282', '2014-11-25 16:04:34', '1', '33', '1', 'Отзыв: FElksdla', '2', 'Ни одно поле не изменено.'), ('283', '2014-11-29 01:55:08', '1', '18', '3', 'Мангостин', '3', ''), ('284', '2014-11-29 18:02:03', '1', '20', '13', 'крем для ног с экстрактами', '2', 'Добавлен product volume \"крем для ног с экстрактами-120\".'), ('285', '2014-11-29 18:48:12', '1', '20', '13', 'крем для ног с экстрактами', '2', 'Добавлен product volume \"крем для ног с экстрактами-250\".'), ('286', '2014-11-29 19:56:29', '1', '20', '13', 'крем для ног с экстрактами', '2', 'Добавлен product volume \"крем для ног с экстрактами-450\".'), ('287', '2014-11-29 22:12:25', '1', '20', '21', 'Скраб для ног Boots', '2', 'Добавлен product volume \"Скраб для ног Boots-100\".'), ('288', '2014-11-29 22:13:03', '1', '20', '21', 'Скраб для ног Boots', '2', 'Изменены default для product volume \"Скраб для ног Boots-100.00\".'), ('289', '2014-11-29 22:27:31', '1', '20', '23', 'Спрей для ног', '2', 'Добавлен product volume \"Спрей для ног-50\".'), ('290', '2014-11-29 22:27:50', '1', '20', '22', 'Смягчающий крем для ног «Божественное манго»', '2', 'Добавлен product volume \"Смягчающий крем для ног «Божественное манго»-50\".'), ('291', '2014-11-29 22:28:00', '1', '20', '22', 'Смягчающий крем для ног «Божественное манго»', '2', 'Изменены default для product volume \"Смягчающий крем для ног «Божественное манго»-50.00\".'), ('292', '2014-11-29 22:28:37', '1', '20', '20', 'Пилинг носочки Richenna', '2', 'Добавлен product volume \"Пилинг носочки Richenna-50\".'), ('293', '2014-11-29 22:28:55', '1', '20', '19', 'Пилинг маска для ног', '2', 'Добавлен product volume \"Пилинг маска для ног-50\".'), ('294', '2014-11-29 22:29:16', '1', '20', '18', 'Освежающий спрей для ног', '2', 'Добавлен product volume \"Освежающий спрей для ног-120\".'), ('295', '2014-11-29 22:29:40', '1', '20', '17', 'Нежный баттер для ног ', '2', 'Добавлен product volume \"Нежный баттер для ног -120\".'), ('296', '2014-11-29 22:30:01', '1', '20', '16', 'Крем от загрубевшей кожи на пятках', '2', 'Добавлен product volume \"Крем от загрубевшей кожи на пятках-15\".'), ('297', '2014-11-29 22:30:22', '1', '20', '15', 'Крем от трещин Boots', '2', 'Добавлен product volume \"Крем от трещин Boots-100\".'), ('298', '2014-11-29 22:30:39', '1', '20', '14', 'Крем для ног от натоптышей с бананом', '2', 'Добавлен product volume \"Крем для ног от натоптышей с бананом-200\".'), ('299', '2014-11-29 22:31:13', '1', '20', '12', 'Крем для ног \"Изумительный банан\" ', '2', 'Добавлен product volume \"Крем для ног \"Изумительный банан\" -50\".'), ('300', '2014-11-29 22:31:34', '1', '20', '11', 'Крем для ног «Дикая мята»', '2', 'Добавлен product volume \"Крем для ног «Дикая мята»-60\".'), ('301', '2014-11-29 22:31:56', '1', '20', '10', 'Boots интенсивно-увлажняющий крем', '2', 'Добавлен product volume \"Boots интенсивно-увлажняющий крем-120\".'), ('302', '2014-11-29 22:32:16', '1', '20', '9', 'Рисовое мыло Thann', '2', 'Добавлен product volume \"Рисовое мыло Thann-100\".'), ('303', '2014-11-29 22:33:12', '1', '20', '8', 'Рисовое мыло с углем Thann', '2', 'Добавлен product volume \"Рисовое мыло с углем Thann-100\".'), ('304', '2014-11-29 23:06:08', '1', '20', '24', 'test', '1', ''), ('305', '2014-11-29 23:06:55', '1', '20', '24', 'test', '3', ''), ('306', '2014-12-01 01:10:53', '1', '20', '13', 'крем для ног с экстрактами', '2', 'Изменены new_price для product volume \"крем для ног с экстрактами-250.00\".'), ('307', '2014-12-01 09:52:56', '1', '20', '13', 'крем для ног с экстрактами', '2', 'Изменены new_price для product volume \"крем для ног с экстрактами-250.00\".'), ('308', '2014-12-01 09:53:36', '1', '20', '13', 'крем для ног с экстрактами', '2', 'Изменены new_price для product volume \"крем для ног с экстрактами-120.00\".'), ('309', '2014-12-01 11:26:43', '1', '20', '23', 'Спрей для ног', '2', 'Изменен is_bestseller.'), ('310', '2014-12-01 14:10:31', '1', '29', '5', 'Как сделать заказ', '2', 'Изменен slug.'), ('311', '2014-12-01 18:07:44', '1', '20', '22', 'Смягчающий крем для ног «Божественное манго»', '2', 'Изменен is_bestseller.'), ('312', '2014-12-01 22:53:02', '1', '20', '23', 'Спрей для ног', '2', 'Изменены new_image для product image \"Спрей для ног\".'), ('313', '2014-12-01 23:06:34', '1', '20', '23', 'Спрей для ног', '2', 'Изменены new_image для product image \"Спрей для ног\".'), ('314', '2014-12-02 08:00:00', '1', '20', '23', 'Спрей для ног', '2', 'Изменены new_image для product image \"Спрей для ног\".'), ('315', '2014-12-02 08:08:46', '1', '20', '23', 'Спрей для ног', '2', 'Добавлен product image \"Спрей для ног\".'), ('316', '2014-12-02 08:48:18', '1', '20', '23', 'Спрей для ног', '2', 'Изменены new_image для product image \"Спрей для ног\". Изменены new_image для product image \"Спрей для ног\".'), ('317', '2014-12-02 10:54:37', '1', '20', '23', 'Спрей для ног', '2', 'Изменены cropping для product image \"Спрей для ног\". Изменены cropping для product image \"Спрей для ног\".'), ('318', '2014-12-02 10:55:34', '1', '20', '23', 'Спрей для ног', '2', 'Ни одно поле не изменено.'), ('319', '2014-12-02 11:16:51', '1', '20', '23', 'Спрей для ног', '2', 'Изменены cropping для product image \"Спрей для ног\". Изменены cropping для product image \"Спрей для ног\".'), ('320', '2014-12-02 11:46:26', '1', '20', '23', 'Спрей для ног', '2', 'Изменены cropping для product image \"Спрей для ног\".'), ('321', '2014-12-02 12:25:54', '1', '20', '23', 'Спрей для ног', '2', 'Изменены cropping для product image \"Спрей для ног\". Изменены cropping для product image \"Спрей для ног\".'), ('322', '2014-12-02 12:44:32', '1', '20', '23', 'Спрей для ног', '2', 'Изменены cropping для product image \"Спрей для ног\".'), ('323', '2014-12-02 12:45:28', '1', '20', '23', 'Спрей для ног', '2', 'Изменены cropping для product image \"Спрей для ног\". Изменены cropping для product image \"Спрей для ног\".'), ('324', '2014-12-02 12:49:34', '1', '20', '23', 'Спрей для ног', '2', 'Изменены cropping для product image \"Спрей для ног\". Изменены cropping для product image \"Спрей для ног\".'), ('325', '2014-12-02 12:52:54', '1', '20', '23', 'Спрей для ног', '2', 'Изменены cropping для product image \"Спрей для ног\". Изменены cropping для product image \"Спрей для ног\".'), ('326', '2014-12-02 13:05:38', '1', '20', '11', 'Крем для ног «Дикая мята»', '2', 'Изменены cropping для product image \"Крем для ног «Дикая мята»\".'), ('327', '2014-12-02 13:08:19', '1', '20', '11', 'Крем для ног «Дикая мята»', '2', 'Ни одно поле не изменено.'), ('328', '2014-12-03 10:30:01', '1', '29', '11', 'test page', '1', '');
COMMIT;

-- ----------------------------
--  Table structure for `django_content_type`
-- ----------------------------
DROP TABLE IF EXISTS `django_content_type`;
CREATE TABLE `django_content_type` (
  `id` int(11) NOT NULL AUTO_INCREMENT,
  `name` varchar(100) NOT NULL,
  `app_label` varchar(100) NOT NULL,
  `model` varchar(100) NOT NULL,
  PRIMARY KEY (`id`),
  UNIQUE KEY `app_label` (`app_label`,`model`)
) ENGINE=InnoDB AUTO_INCREMENT=40 DEFAULT CHARSET=utf8;

-- ----------------------------
--  Records of `django_content_type`
-- ----------------------------
BEGIN;
INSERT INTO `django_content_type` VALUES ('1', 'permission', 'auth', 'permission'), ('2', 'group', 'auth', 'group'), ('3', 'user', 'auth', 'user'), ('4', 'content type', 'contenttypes', 'contenttype'), ('5', 'session', 'sessions', 'session'), ('6', 'site', 'sites', 'site'), ('7', 'flat page', 'flatpages', 'flatpage'), ('8', 'log entry', 'admin', 'logentry'), ('9', 'migration history', 'south', 'migrationhistory'), ('10', 'cart item', 'cart', 'cartitem'), ('11', 'Post', 'news', 'news'), ('12', 'search term', 'search', 'searchterm'), ('13', 'kv store', 'thumbnail', 'kvstore'), ('14', 'captcha store', 'captcha', 'captchastore'), ('15', 'bookmark', 'menu', 'bookmark'), ('16', 'dashboard preferences', 'dashboard', 'dashboardpreferences'), ('17', 'category', 'catalog', 'category'), ('18', 'feel name', 'catalog', 'feelname'), ('19', 'gift price', 'catalog', 'giftprice'), ('20', 'product', 'catalog', 'product'), ('21', 'product image', 'catalog', 'productimage'), ('22', 'characteristic type', 'catalog', 'characteristictype'), ('23', 'characteristic', 'catalog', 'characteristic'), ('24', 'user profile', 'accounts', 'userprofile'), ('25', 'order', 'checkout', 'order'), ('26', 'order item', 'checkout', 'orderitem'), ('27', 'Заказы', 'checkout', 'orderoneclick'), ('28', 'Слайдер на главной странице', 'slider', 'slider'), ('29', 'page', 'pages', 'page'), ('30', 'cupon', 'catalog', 'cupon'), ('31', 'Уведомление об успешном платеже', 'robokassa', 'successnotification'), ('32', 'brand name', 'catalog', 'brandname'), ('33', 'review', 'pages', 'review'), ('34', 'blog', 'pages', 'blog'), ('35', 'delivery', 'checkout', 'delivery'), ('36', 'product volume', 'catalog', 'productvolume'), ('37', 'source', 'easy_thumbnails', 'source'), ('38', 'thumbnail', 'easy_thumbnails', 'thumbnail'), ('39', 'thumbnail dimensions', 'easy_thumbnails', 'thumbnaildimensions');
COMMIT;

-- ----------------------------
--  Table structure for `django_flatpage`
-- ----------------------------
DROP TABLE IF EXISTS `django_flatpage`;
CREATE TABLE `django_flatpage` (
  `id` int(11) NOT NULL AUTO_INCREMENT,
  `url` varchar(100) NOT NULL,
  `title` varchar(200) NOT NULL,
  `content` longtext NOT NULL,
  `enable_comments` tinyint(1) NOT NULL,
  `template_name` varchar(70) NOT NULL,
  `registration_required` tinyint(1) NOT NULL,
  PRIMARY KEY (`id`),
  KEY `django_flatpage_a4b49ab` (`url`)
) ENGINE=InnoDB DEFAULT CHARSET=utf8;

-- ----------------------------
--  Table structure for `django_flatpage_sites`
-- ----------------------------
DROP TABLE IF EXISTS `django_flatpage_sites`;
CREATE TABLE `django_flatpage_sites` (
  `id` int(11) NOT NULL AUTO_INCREMENT,
  `flatpage_id` int(11) NOT NULL,
  `site_id` int(11) NOT NULL,
  PRIMARY KEY (`id`),
  UNIQUE KEY `flatpage_id` (`flatpage_id`,`site_id`),
  KEY `django_flatpage_sites_dedefef8` (`flatpage_id`),
  KEY `django_flatpage_sites_6223029` (`site_id`),
  CONSTRAINT `flatpage_id_refs_id_c0e84f5a` FOREIGN KEY (`flatpage_id`) REFERENCES `django_flatpage` (`id`),
  CONSTRAINT `site_id_refs_id_4e3eeb57` FOREIGN KEY (`site_id`) REFERENCES `django_site` (`id`)
) ENGINE=InnoDB DEFAULT CHARSET=utf8;

-- ----------------------------
--  Table structure for `django_session`
-- ----------------------------
DROP TABLE IF EXISTS `django_session`;
CREATE TABLE `django_session` (
  `session_key` varchar(40) NOT NULL,
  `session_data` longtext NOT NULL,
  `expire_date` datetime NOT NULL,
  PRIMARY KEY (`session_key`),
  KEY `django_session_c25c2c28` (`expire_date`)
) ENGINE=InnoDB DEFAULT CHARSET=utf8;

-- ----------------------------
--  Records of `django_session`
-- ----------------------------
BEGIN;
INSERT INTO `django_session` VALUES ('018b639efd5178641bf9bcafcec3da60', 'NzIyYzBjMTM2YzRlNTRmOWRhZmJhMjY2YjIwYmFlZWEzZWI0NThmZjqAAn1xAShVCnRlc3Rjb29r\naWVxAlUGd29ya2VkcQNVDV9hdXRoX3VzZXJfaWSKAQFVEl9hdXRoX3VzZXJfYmFja2VuZFUpZGph\nbmdvLmNvbnRyaWIuYXV0aC5iYWNrZW5kcy5Nb2RlbEJhY2tlbmRVB2NhcnRfaWRVMlQ2NmhEUkNi\nMGp3NSFQRWhIVDYqa1ZoVjNsIWlWTE1Ob0REeUpGanhWU0JleWk2ekBndS4=\n', '2015-01-30 14:55:48'), ('0f66b7d40ae0e515750cbf745c574169', 'NTAzYjMwYmNjYjRhNGQxMWY5MmM0YjkwYzI5YmVmM2UxMjgzOWIxODqAAn1xAShVDV9hdXRoX3Vz\nZXJfaWSKAQFVCnRlc3Rjb29raWVxAlUGd29ya2VkcQNVB2NhcnRfaWRVMiZaSDRlb2RkT2soQkxZ\nZVNNbDlTdChEVyYzWkJkeHpNWXBkI3Z3SCQwd0xYNlgjczBIVRJfYXV0aF91c2VyX2JhY2tlbmRV\nKWRqYW5nby5jb250cmliLmF1dGguYmFja2VuZHMuTW9kZWxCYWNrZW5kdS4=\n', '2015-02-04 05:52:24'), ('1b1426ca1bdcdafa265175a7fb66888a', 'MDQ4MTM2Y2M2ZDAyODcyZWNmOGU0YTE1ZTI2ZDVkYzhhZDU1YWNjZTqAAn1xAShVDV9hdXRoX3Vz\nZXJfaWSKAQFVCnRlc3Rjb29raWVVBndvcmtlZHECVQdjYXJ0X2lkVTJ4Z0glQU9pYldtNHIkUmxN\nMG8xNWVSVWV4UTZwQXJtRW4obmZMS1YwR3VoamEzZDk0WlUSX2F1dGhfdXNlcl9iYWNrZW5kVSlk\namFuZ28uY29udHJpYi5hdXRoLmJhY2tlbmRzLk1vZGVsQmFja2VuZHUu\n', '2015-02-25 08:44:29'), ('24b23f57634bdf5aea3572618ebe218d', 'NzA5MjVkOTU3YWI1Y2ZlMGRlNzZjOTEyNDc3NTUwMjU5MzBlNTc5ZDqAAn1xAShVCnRlc3Rjb29r\naWVxAlUGd29ya2VkcQNVDV9hdXRoX3VzZXJfaWSKAQFVEl9hdXRoX3VzZXJfYmFja2VuZFUpZGph\nbmdvLmNvbnRyaWIuYXV0aC5iYWNrZW5kcy5Nb2RlbEJhY2tlbmRVB2NhcnRfaWRVMmxecEVHTF5o\nTTlsI1FeN0hzRjF4OClyallnT29AUVVxOTNYdWQyT3kxazFxcGVMS2t0dS4=\n', '2015-02-03 04:52:02'), ('3b52a880535ba881f7dc3ad7b502faef', 'NjMzOTI4ZjIzYzQyNWQzYzIwOGFhOWRlNDRjMTQyYjRkNTE4Njk4MzqAAn1xAShVCnRlc3Rjb29r\naWVVBndvcmtlZHECVRJfYXV0aF91c2VyX2JhY2tlbmRVKWRqYW5nby5jb250cmliLmF1dGguYmFj\na2VuZHMuTW9kZWxCYWNrZW5kVQ1fYXV0aF91c2VyX2lkigEBVQdjYXJ0X2lkVTJGbzVKa1pxZnFi\nOF5zbzh0RGNAOHZ4NSpmbCFMVjZhIzVEXiUqRkVWdlVpR1dIUFMwdHUu\n', '2015-01-27 20:39:26'), ('4ccc7e4841ee81cdf86631058f729ec3', 'MzFmNGQ5NWJlYzU3NTE5OTYwNzcxZjliNTc1MGYwZjZjOWRiM2E4YTqAAn1xAShVEl9hdXRoX3Vz\nZXJfYmFja2VuZFUpZGphbmdvLmNvbnRyaWIuYXV0aC5iYWNrZW5kcy5Nb2RlbEJhY2tlbmRVCnRl\nc3Rjb29raWVVBndvcmtlZHECVQdjYXJ0X2lkVTJyKEB3d1ApREkwdzUyKDhvTU01UTFUZCNDKGdV\nRkgoI1k5XmpHYmtWdmFlU1pBcHJyeVUNX2F1dGhfdXNlcl9pZIoBBHUu\n', '2015-01-30 02:21:56'), ('5c37f8e23244929798060f0736a8d1a8', 'OGMxMTU3YTgzYmFkNGJmYjkyOTI5NzQwZThlNzhjNjExNmJhMjhmYzqAAn1xAVUHY2FydF9pZHEC\nVTJCcDFCaE80JGwkQFU3NkswWiFaOUJPbTJvVnZKQEZQJGxFcHNkSHB1KjlKJUMxJmZUMHMu\n', '2015-02-10 14:03:00'), ('6a14a958d10e6bc2b715dd9501708560', 'NzUzNTYzMWY4YzY0ZGFlOTVhYmYxOTdiMTZiN2RlYzUzMDdkYjBiYTqAAn1xAShVEl9hdXRoX3Vz\nZXJfYmFja2VuZHECVSlkamFuZ28uY29udHJpYi5hdXRoLmJhY2tlbmRzLk1vZGVsQmFja2VuZHED\nVQdjYXJ0X2lkVTJoVkVtTiEmY21scmFMZkJzUmU5JFgkTmZONXhFWW5zOUhGbHRmdkh5TSViQCVl\ncDR4XlUNX2F1dGhfdXNlcl9pZHEEigEBdS4=\n', '2015-02-10 14:06:38'), ('6f02de8bb050a078e8647ec393d66a88', 'ZjBhOTU2NGViYzA3NTZmYjQwMjJmMTc1ZDg2ODA2ZGIyOWZkZjIyMTqAAn1xAShVEl9hdXRoX3Vz\nZXJfYmFja2VuZHECVSlkamFuZ28uY29udHJpYi5hdXRoLmJhY2tlbmRzLk1vZGVsQmFja2VuZHED\nVQdjYXJ0X2lkVTJWcGp0dmshdG5iXjNjNFl5RElSUWFydnhrMk1QZXdtOFdHQ212bE5LbVh2RmZk\nbkhYdVUNX2F1dGhfdXNlcl9pZHEEigEBdS4=\n', '2015-02-09 19:39:57'), ('74486c534d9ba25b446d7283423e97dd', 'YzljYWExNjAzMWI4NGQ5ZjZkMzBjNzFlNDhhNDQ2MDQ3NjQ2ZDQzNzqAAn1xAShVEl9hdXRoX3Vz\nZXJfYmFja2VuZHECVSlkamFuZ28uY29udHJpYi5hdXRoLmJhY2tlbmRzLk1vZGVsQmFja2VuZHED\nVQdjYXJ0X2lkVTJweFBnSVpwJU1tNyhJNGtxMG1Kd2dSKHRFaElnaFNPS3JxV2Z6NzJhSF5raEUq\nKWVuZVUNX2F1dGhfdXNlcl9pZHEEigEIdS4=\n', '2015-03-01 16:58:35'), ('7c3f26305732af9d48d2d195b39364d9', 'OTIzYTY4Mjg4YWVlYzViYTdiMzhiZDBjOTNiMTU1NTM1ZTQ5ZWQxMTqAAn1xAShVEl9hdXRoX3Vz\nZXJfYmFja2VuZHECVSlkamFuZ28uY29udHJpYi5hdXRoLmJhY2tlbmRzLk1vZGVsQmFja2VuZHED\nVQdjYXJ0X2lkVTJtVGtVdVhORWRzTXAqcG44UmM0UUF0OVBoYiVeR3klamw5RSlYNHh3KDVUekBL\nSTgmQlUNX2F1dGhfdXNlcl9pZHEEigEBdS4=\n', '2015-02-03 03:26:00'), ('9f865b80b796e7ff3bb65002cd9ba040', 'NTQyYzM4ZjQyOTU0ODdhZjcwNDEwZDAwMjQ2ZDA2ZTY2NmRkOWZmYzqAAn1xAVUHY2FydF9pZHEC\nVTIleWQkTHEkZkNjcXglSUlwVmNlS2p1V2t6YjUqV1Q3c2ZwSFJuRl4kdWVAcVhGd25BTXMu\n', '2015-01-30 17:16:44'), ('a91c8e211201bcf2fe407563ead79902', 'MDdlODgwNTFhZThlNDBlMTVjMWI2MTU2Y2M0YzQyMTMyMGZhY2FjNDqAAn1xAShVEl9hdXRoX3Vz\nZXJfYmFja2VuZHECVSlkamFuZ28uY29udHJpYi5hdXRoLmJhY2tlbmRzLk1vZGVsQmFja2VuZHED\nVQ1fYXV0aF91c2VyX2lkcQSKAQF1Lg==\n', '2015-03-04 17:48:18'), ('ad274b83d669ec8f3fa678a536b9c237', 'Zjg2NWExZDg2MTBkN2Q2MTEwMmM3MWM1MTM2YTljZWJjOTgyZjJlMjqAAn1xAShVCG9yZGVyX2lk\nigFHVRJfYXV0aF91c2VyX2JhY2tlbmRxAlUpZGphbmdvLmNvbnRyaWIuYXV0aC5iYWNrZW5kcy5N\nb2RlbEJhY2tlbmRxA1UHY2FydF9pZFUyWDdZSk5qYkdLMlFzN2h5IWhFVXMoT0BZTGNRek9yWHAq\nM08zMmdeUWVoN3FpSyY3I3pVDV9hdXRoX3VzZXJfaWRxBIoBAXUu\n', '2015-03-03 19:32:38'), ('b1907ed6028c78ac08ccf86e942f443f', 'MTZkMjhiZGVjNzY2YTgxMThkYTQ4NzUyYTQ4NzE4OThhY2VmMTBhMjqAAn1xAShVCnRlc3Rjb29r\naWVxAlUGd29ya2VkcQNVB2NhcnRfaWRVMnZXWXRpYUJERWlBSiF3YVFPaTFuOEAhKWYmU1lGaFEq\nZE1jTjY3T3lPMTYjQzYqa1pDdS4=\n', '2015-02-15 19:31:23'), ('b9594be33de46558f21af4e6c164e654', 'MzJhMzBlNmRhYzg2OWQ0Nzk2MzgyZTViYjZmMTQwZjYyMzY2OTI3MDqAAn1xAShVCG9yZGVyX2lk\nigE9VRJfYXV0aF91c2VyX2JhY2tlbmRVKWRqYW5nby5jb250cmliLmF1dGguYmFja2VuZHMuTW9k\nZWxCYWNrZW5kVQp0ZXN0Y29va2llVQZ3b3JrZWRxAlUHY2FydF9pZFUydURtcDFqMjkkI0pyWDBI\nJUheQFFrY0VWbm1LNDVnS3YlM29XZFR6QFU2RyVSV20pKShVDV9hdXRoX3VzZXJfaWSKAQF1Lg==\n', '2015-02-14 22:19:39'), ('c5420432c518c13af7490add25786ad5', 'NThhZjQ5MzU3YWQwYTE1MGQ3ZGI0NGZiOTEwZjAzMzQ3YTQ2NmNhNzqAAn1xAVUHY2FydF9pZHEC\nVTIlRjZyJG5EJmIlbXF0RUd6cXJBTldqdjYhU0Z6WTV6UUtWMGl3IUdkM3dVSFpIY3RaanMu\n', '2015-01-30 15:17:59'), ('c8579ebd73a32642a96dd46271a3ccc3', 'YWU0Nzc2NTdkMDMwNTlmMTg5OGEzYWUzMzY0YWVmNjQ5YTIyZDRhMzqAAn1xAShVDV9hdXRoX3Vz\nZXJfaWSKAQFVCnRlc3Rjb29raWVxAlUGd29ya2VkcQNVB2NhcnRfaWRVMl41ZVB0NUUqRSRadnBV\nKmJAZnNeVipeejkodkswcWJ0QzNQbVglNzJsI3RINkgleDNjVRJfYXV0aF91c2VyX2JhY2tlbmRV\nKWRqYW5nby5jb250cmliLmF1dGguYmFja2VuZHMuTW9kZWxCYWNrZW5kdS4=\n', '2015-01-30 15:41:48'), ('d40ec2e57fe93dfc50342aeabfe28d7f', 'NTliYzE4MjdlZDk4MGFiZWY2MTY1MmFhOTdlOWJmZjViNWViZWRhMjqAAn1xAVUHY2FydF9pZHEC\nVTIxbzNZUUR3ZEhHVSVLc3BseUclUjQhWTdFJG0hc0J6S2pxaSEldDVoZE9lOVdHYXIpTHMu\n', '2015-01-30 01:46:49'), ('d6afa4bd31312bfadef0fe74e353b22f', 'NWNlNmU5MGVlMGM4YmQ4ZDQwYTVlMWYyOTk4NDJjMzVjZjQyMGEyOTqAAn1xAVUHY2FydF9pZHEC\nVTJFenVTb2swVzI2RWJNcnRFIyZubCY3TUdUYWx2cWhjZG5xdFlZeWo0RCV5aXZrSmRJZ3Mu\n', '2015-01-30 17:16:44'), ('dc95e1202dd8b9357f32bb93b013ea39', 'Mjk4YjE1NDQ0YmJiYzFhMmU5YmRhZDAzZjg4OWZiOTExM2ZjZjE2MjqAAn1xAShVEl9hdXRoX3Vz\nZXJfYmFja2VuZFUpZGphbmdvLmNvbnRyaWIuYXV0aC5iYWNrZW5kcy5Nb2RlbEJhY2tlbmRVCnRl\nc3Rjb29raWVxAlUGd29ya2VkcQNVB2NhcnRfaWRVMnFQQWglIyV3XmMwbVB2WHkmTzlIKjFAZXFT\nIUlVIXQ4VkNwS2xwSVlEbyE2VkFLZ0xkVQ1fYXV0aF91c2VyX2lkigEBdS4=\n', '2015-02-10 09:03:02'), ('e792e570171982073bce96f4bf22b273', 'MzFhNjhlYjg5N2QxOWM2ODU2ZjQ5NzQwZmRiZjRiYjg3ZTg1MmE0OTqAAn1xAShVEl9hdXRoX3Vz\nZXJfYmFja2VuZHECVSlkamFuZ28uY29udHJpYi5hdXRoLmJhY2tlbmRzLk1vZGVsQmFja2VuZHED\nVQdjYXJ0X2lkVTJrUVhrWFVQXllHSFdFYWckd21AZFFmKUVtKTJGcSVWTyZkM1F0R1dLWW04TXRz\nUGxDKVUNX2F1dGhfdXNlcl9pZHEEigEBdS4=\n', '2015-02-11 21:26:25'), ('f44f99c6a97e0af75de3b09b36377b95', 'MTMyZjA3NDcwYzE5ZTZkZTFjM2VlY2RjMTlmZGJmMDhhN2ZlOTY0ODqAAn1xAVUHY2FydF9pZHEC\nVTJqcXp5UXBvUHRmbDVvRkhwKjlReUZCTUJxTURYNXdQZkVpTkRqZlhEU2coaEtHeWpvT3Mu\n', '2015-01-30 15:17:59');
COMMIT;

-- ----------------------------
--  Table structure for `django_site`
-- ----------------------------
DROP TABLE IF EXISTS `django_site`;
CREATE TABLE `django_site` (
  `id` int(11) NOT NULL AUTO_INCREMENT,
  `domain` varchar(100) NOT NULL,
  `name` varchar(50) NOT NULL,
  PRIMARY KEY (`id`)
) ENGINE=InnoDB AUTO_INCREMENT=2 DEFAULT CHARSET=utf8;

-- ----------------------------
--  Records of `django_site`
-- ----------------------------
BEGIN;
INSERT INTO `django_site` VALUES ('1', 'example.com', 'example.com');
COMMIT;

-- ----------------------------
--  Table structure for `easy_thumbnails_source`
-- ----------------------------
DROP TABLE IF EXISTS `easy_thumbnails_source`;
CREATE TABLE `easy_thumbnails_source` (
  `id` int(11) NOT NULL AUTO_INCREMENT,
  `name` varchar(255) NOT NULL,
  `modified` datetime NOT NULL,
  `storage_hash` varchar(40) NOT NULL,
  PRIMARY KEY (`id`),
  UNIQUE KEY `easy_thumbnails_source_name_7549c98cc6dd6969_uniq` (`name`,`storage_hash`),
  KEY `easy_thumbnails_source_52094d6e` (`name`),
  KEY `easy_thumbnails_source_3a997c55` (`storage_hash`)
) ENGINE=InnoDB AUTO_INCREMENT=6 DEFAULT CHARSET=utf8;

-- ----------------------------
--  Records of `easy_thumbnails_source`
-- ----------------------------
BEGIN;
INSERT INTO `easy_thumbnails_source` VALUES ('1', 'products/test/IMG_0481.jpg', '2014-12-02 12:49:43', 'f9bde26a1556cd667f742bd34ec7c55e'), ('2', 'products/test/interior-luxury-bedroom-74.jpg', '2014-12-02 12:49:43', 'f9bde26a1556cd667f742bd34ec7c55e'), ('3', 'products/images/Osnovnaia_12.jpg', '2014-12-02 12:52:56', 'f9bde26a1556cd667f742bd34ec7c55e'), ('4', 'products/images/1407855312_viber.jpg', '2014-12-02 12:52:56', 'f9bde26a1556cd667f742bd34ec7c55e'), ('5', 'products/images/Osnovnaia.jpg', '2014-12-02 13:05:50', 'f9bde26a1556cd667f742bd34ec7c55e');
COMMIT;

-- ----------------------------
--  Table structure for `easy_thumbnails_thumbnail`
-- ----------------------------
DROP TABLE IF EXISTS `easy_thumbnails_thumbnail`;
CREATE TABLE `easy_thumbnails_thumbnail` (
  `id` int(11) NOT NULL AUTO_INCREMENT,
  `name` varchar(255) NOT NULL,
  `modified` datetime NOT NULL,
  `source_id` int(11) NOT NULL,
  `storage_hash` varchar(40) NOT NULL,
  PRIMARY KEY (`id`),
  UNIQUE KEY `easy_thumbnails_thumbnail_source_id_1f50d53db8191480_uniq` (`source_id`,`name`,`storage_hash`),
  KEY `easy_thumbnails_thumbnail_89f89e85` (`source_id`),
  KEY `easy_thumbnails_thumbnail_52094d6e` (`name`),
  KEY `easy_thumbnails_thumbnail_3a997c55` (`storage_hash`),
  CONSTRAINT `source_id_refs_id_38c628a45bffe8f5` FOREIGN KEY (`source_id`) REFERENCES `easy_thumbnails_source` (`id`)
) ENGINE=InnoDB AUTO_INCREMENT=20 DEFAULT CHARSET=utf8;

-- ----------------------------
--  Records of `easy_thumbnails_thumbnail`
-- ----------------------------
BEGIN;
INSERT INTO `easy_thumbnails_thumbnail` VALUES ('1', 'products/test/IMG_0481.jpg.300x300_q85_detail_upscale.jpg', '2014-12-02 10:53:58', '1', 'd26becbf46ac48eda79c7a39a13a02dd'), ('2', 'products/test/interior-luxury-bedroom-74.jpg.300x300_q85_detail_upscale.jpg', '2014-12-02 10:53:58', '2', 'd26becbf46ac48eda79c7a39a13a02dd'), ('3', 'products/test/IMG_0481.jpg.215x180_q85_box-0,0,2515,2100_crop_detail.jpg', '2014-12-02 11:00:32', '1', 'd26becbf46ac48eda79c7a39a13a02dd'), ('4', 'products/test/interior-luxury-bedroom-74.jpg.215x180_q85_box-836,0,2559,1440_crop_detail.jpg', '2014-12-02 11:00:32', '2', 'd26becbf46ac48eda79c7a39a13a02dd'), ('5', 'products/test/IMG_0481.jpg.430x360_q85_box-0,0,2515,2100_crop_detail.jpg', '2014-12-02 11:00:46', '1', 'd26becbf46ac48eda79c7a39a13a02dd'), ('6', 'products/test/interior-luxury-bedroom-74.jpg.430x360_q85_box-836,0,2559,1440_crop_detail.jpg', '2014-12-02 11:00:46', '2', 'd26becbf46ac48eda79c7a39a13a02dd'), ('7', 'products/test/IMG_0481.jpg.300x300_q85_box-1949,1944,2106,2100_crop_detail.jpg', '2014-12-02 11:17:16', '1', 'd26becbf46ac48eda79c7a39a13a02dd'), ('8', 'products/test/interior-luxury-bedroom-74.jpg.300x300_q85_box-836,0,2278,1440_crop_detail.jpg', '2014-12-02 11:17:16', '2', 'd26becbf46ac48eda79c7a39a13a02dd'), ('9', 'products/test/IMG_0481.jpg.300x300_q85_box-851,436,2520,2100_crop_detail.jpg', '2014-12-02 11:46:32', '1', 'd26becbf46ac48eda79c7a39a13a02dd'), ('10', 'products/test/IMG_0481.jpg.300x300_q85_box-1120,782,3360,2100_crop_detail.jpg', '2014-12-02 12:49:01', '1', 'd26becbf46ac48eda79c7a39a13a02dd'), ('11', 'products/test/interior-luxury-bedroom-74.jpg.300x300_q85_box-1058,281,2560,1440_crop_detail.jpg', '2014-12-02 12:49:01', '2', 'd26becbf46ac48eda79c7a39a13a02dd'), ('12', 'products/test/IMG_0481.jpg.300x300_q85_box-1266,112,3259,2100_crop_detail.jpg', '2014-12-02 12:49:43', '1', 'd26becbf46ac48eda79c7a39a13a02dd'), ('13', 'products/test/interior-luxury-bedroom-74.jpg.300x300_q85_box-1058,0,2500,1440_crop_detail.jpg', '2014-12-02 12:49:43', '2', 'd26becbf46ac48eda79c7a39a13a02dd'), ('14', 'products/images/Osnovnaia_12.jpg.300x300_q85_detail_upscale.jpg', '2014-12-02 12:50:58', '3', 'd26becbf46ac48eda79c7a39a13a02dd'), ('15', 'products/images/1407855312_viber.jpg.300x300_q85_detail_upscale.jpg', '2014-12-02 12:50:58', '4', 'd26becbf46ac48eda79c7a39a13a02dd'), ('16', 'products/images/Osnovnaia_12.jpg.300x300_q85_box-0,1138,1020,2160_crop_detail.jpg', '2014-12-02 12:52:56', '3', 'd26becbf46ac48eda79c7a39a13a02dd'), ('17', 'products/images/1407855312_viber.jpg.300x300_q85_box-185,0,400,214_crop_detail.jpg', '2014-12-02 12:52:56', '4', 'd26becbf46ac48eda79c7a39a13a02dd'), ('18', 'products/images/Osnovnaia.jpg.300x300_q85_detail_upscale.jpg', '2014-12-02 13:03:57', '5', 'd26becbf46ac48eda79c7a39a13a02dd'), ('19', 'products/images/Osnovnaia.jpg.300x300_q85_box-0,126,231,357_crop_detail.jpg', '2014-12-02 13:05:50', '5', 'd26becbf46ac48eda79c7a39a13a02dd');
COMMIT;

-- ----------------------------
--  Table structure for `easy_thumbnails_thumbnaildimensions`
-- ----------------------------
DROP TABLE IF EXISTS `easy_thumbnails_thumbnaildimensions`;
CREATE TABLE `easy_thumbnails_thumbnaildimensions` (
  `id` int(11) NOT NULL AUTO_INCREMENT,
  `thumbnail_id` int(11) NOT NULL,
  `width` int(10) unsigned DEFAULT NULL,
  `height` int(10) unsigned DEFAULT NULL,
  PRIMARY KEY (`id`),
  UNIQUE KEY `thumbnail_id` (`thumbnail_id`),
  CONSTRAINT `thumbnail_id_refs_id_646bea3ff939906e` FOREIGN KEY (`thumbnail_id`) REFERENCES `easy_thumbnails_thumbnail` (`id`)
) ENGINE=InnoDB DEFAULT CHARSET=utf8;

-- ----------------------------
--  Table structure for `gift_price`
-- ----------------------------
DROP TABLE IF EXISTS `gift_price`;
CREATE TABLE `gift_price` (
  `id` int(11) NOT NULL AUTO_INCREMENT,
  `price` decimal(9,2) NOT NULL,
  `name` varchar(100) NOT NULL,
  `image` varchar(100) NOT NULL,
  `description` longtext,
  `weight` decimal(9,2) NOT NULL,
  PRIMARY KEY (`id`)
) ENGINE=InnoDB AUTO_INCREMENT=8 DEFAULT CHARSET=utf8;

-- ----------------------------
--  Records of `gift_price`
-- ----------------------------
BEGIN;
INSERT INTO `gift_price` VALUES ('4', '2500.00', 'подарок на 2 500', 'gifts/images/gift_1.jpg', '<p><b style=\"color: rgb(37, 37, 37); font-family: sans-serif; font-size: 14px; line-height: 22px;\">Пода́рок</b><span style=\"color: rgb(37, 37, 37); font-family: sans-serif; font-size: 14px; line-height: 22px;\">&nbsp;&mdash;&nbsp;</span><a href=\"https://ru.wikipedia.org/wiki/%D0%92%D0%B5%D1%89%D1%8C\" style=\"text-decoration: none; color: rgb(11, 0, 128); background-image: none; font-family: sans-serif; font-size: 14px; line-height: 22px;\" title=\"Вещь\">вещь</a><span style=\"color: rgb(37, 37, 37); font-family: sans-serif; font-size: 14px; line-height: 22px;\">, которую&nbsp;</span><i style=\"color: rgb(37, 37, 37); font-family: sans-serif; font-size: 14px; line-height: 22px;\">даритель</i><span style=\"color: rgb(37, 37, 37); font-family: sans-serif; font-size: 14px; line-height: 22px;\">&nbsp;по собственному желанию безвозмездно&nbsp;</span><a href=\"https://ru.wikipedia.org/wiki/%D0%94%D0%B0%D1%80%D0%B5%D0%BD%D0%B8%D0%B5\" style=\"text-decoration: none; color: rgb(11, 0, 128); background-image: none; font-family: sans-serif; font-size: 14px; line-height: 22px;\" title=\"Дарение\">преподносит</a><span style=\"color: rgb(37, 37, 37); font-family: sans-serif; font-size: 14px; line-height: 22px;\">&nbsp;в полное владение с целью доставить удовольствие, пользу получателю подарка.</span><sup class=\"reference\" id=\"cite_ref-1\" style=\"line-height: 1em; unicode-bidi: -webkit-isolate; color: rgb(37, 37, 37); font-family: sans-serif;\"><a href=\"https://ru.wikipedia.org/wiki/%D0%9F%D0%BE%D0%B4%D0%B0%D1%80%D0%BE%D0%BA#cite_note-1\" style=\"text-decoration: none; color: rgb(11, 0, 128); background-image: none; background-position: initial initial; background-repeat: initial initial;\">[1]</a></sup></p>\r\n', '2500.00'), ('5', '3000.00', 'Подарок на 3 000', 'gifts/images/gift_2.jpg', '<p><b style=\"color: rgb(37, 37, 37); font-family: sans-serif; font-size: 14px; line-height: 22px;\">Пода́рок</b><span style=\"color: rgb(37, 37, 37); font-family: sans-serif; font-size: 14px; line-height: 22px;\">&nbsp;&mdash;&nbsp;</span><a href=\"https://ru.wikipedia.org/wiki/%D0%92%D0%B5%D1%89%D1%8C\" style=\"text-decoration: none; color: rgb(11, 0, 128); background-image: none; font-family: sans-serif; font-size: 14px; line-height: 22px;\" title=\"Вещь\">вещь</a><span style=\"color: rgb(37, 37, 37); font-family: sans-serif; font-size: 14px; line-height: 22px;\">, которую&nbsp;</span><i style=\"color: rgb(37, 37, 37); font-family: sans-serif; font-size: 14px; line-height: 22px;\">даритель</i><span style=\"color: rgb(37, 37, 37); font-family: sans-serif; font-size: 14px; line-height: 22px;\">&nbsp;по собственному желанию безвозмездно&nbsp;</span><a href=\"https://ru.wikipedia.org/wiki/%D0%94%D0%B0%D1%80%D0%B5%D0%BD%D0%B8%D0%B5\" style=\"text-decoration: none; color: rgb(11, 0, 128); background-image: none; font-family: sans-serif; font-size: 14px; line-height: 22px;\" title=\"Дарение\">преподносит</a><span style=\"color: rgb(37, 37, 37); font-family: sans-serif; font-size: 14px; line-height: 22px;\">&nbsp;в полное владение с целью доставить удовольствие, пользу получателю подарка.</span><sup class=\"reference\" id=\"cite_ref-1\" style=\"line-height: 1em; unicode-bidi: -webkit-isolate; color: rgb(37, 37, 37); font-family: sans-serif;\"><a href=\"https://ru.wikipedia.org/wiki/%D0%9F%D0%BE%D0%B4%D0%B0%D1%80%D0%BE%D0%BA#cite_note-1\" style=\"text-decoration: none; color: rgb(11, 0, 128); background-image: none; background-position: initial initial; background-repeat: initial initial;\">[1]</a></sup></p>\r\n', '3000.00'), ('6', '10000.00', 'Подарок на 10 000', 'gifts/images/gift_3.jpg', '<p><b style=\"color: rgb(37, 37, 37); font-family: sans-serif; font-size: 14px; line-height: 22px;\">Пода́рок</b><span style=\"color: rgb(37, 37, 37); font-family: sans-serif; font-size: 14px; line-height: 22px;\">&nbsp;&mdash;&nbsp;</span><a href=\"https://ru.wikipedia.org/wiki/%D0%92%D0%B5%D1%89%D1%8C\" style=\"text-decoration: none; color: rgb(11, 0, 128); background-image: none; font-family: sans-serif; font-size: 14px; line-height: 22px;\" title=\"Вещь\">вещь</a><span style=\"color: rgb(37, 37, 37); font-family: sans-serif; font-size: 14px; line-height: 22px;\">, которую&nbsp;</span><i style=\"color: rgb(37, 37, 37); font-family: sans-serif; font-size: 14px; line-height: 22px;\">даритель</i><span style=\"color: rgb(37, 37, 37); font-family: sans-serif; font-size: 14px; line-height: 22px;\">&nbsp;по собственному желанию безвозмездно&nbsp;</span><a href=\"https://ru.wikipedia.org/wiki/%D0%94%D0%B0%D1%80%D0%B5%D0%BD%D0%B8%D0%B5\" style=\"text-decoration: none; color: rgb(11, 0, 128); background-image: none; font-family: sans-serif; font-size: 14px; line-height: 22px;\" title=\"Дарение\">преподносит</a><span style=\"color: rgb(37, 37, 37); font-family: sans-serif; font-size: 14px; line-height: 22px;\">&nbsp;в полное владение с целью доставить удовольствие, пользу получателю подарка.</span><sup class=\"reference\" id=\"cite_ref-1\" style=\"line-height: 1em; unicode-bidi: -webkit-isolate; color: rgb(37, 37, 37); font-family: sans-serif;\"><a href=\"https://ru.wikipedia.org/wiki/%D0%9F%D0%BE%D0%B4%D0%B0%D1%80%D0%BE%D0%BA#cite_note-1\" style=\"text-decoration: none; color: rgb(11, 0, 128); background-image: none; background-position: initial initial; background-repeat: initial initial;\">[1]</a></sup></p>\r\n', '10000.00'), ('7', '1500.00', 'Подарок от 1 500', 'gifts/images/gift.jpg', '<p style=\"margin: 0.5em 0px; line-height: 22px; color: rgb(37, 37, 37); font-family: sans-serif; font-size: 14px;\">Есть, кстати, и более элегантный способ, но не будем забегать вперед. Теперь наша переменная C ссылается на объект типа list, который содержит последовательность 13 элементов. Все элементы в этом случае являются int-объектами.</p>\r\n\r\n<p style=\"margin: 0.5em 0px; line-height: 22px; color: rgb(37, 37, 37); font-family: sans-serif; font-size: 14px;\">Любой элемент в списке связан со своим индексом, который определяет позицию элемента в списке. Первый элемент имеет индекс 0, второй элемент &mdash; индекс 1 и так далее. Таким образом в списке C имеется 13 элементов с индексами от 0 до 12. Для того, чтобы вызвать какой-то элемент списка, достаточно вызвать его по индексу, например C[3], если мы хотим вызывать -5.</p>\r\n\r\n<p style=\"margin: 0.5em 0px; line-height: 22px; color: rgb(37, 37, 37); font-family: sans-serif; font-size: 14px;\">Элементы в списках можно удалять, добавлять, изменять, вставлять и так далее. Делается это с помощью методов. Обратите внимание на эту концепцию, она встретится нам не раз. Методы определяются через точку. Например метод append для нашего списка C запишется как C.append(v), и этот метод добавит элемент&nbsp;<i>v</i>&nbsp;в конец списка С. А метод C.insert(i,v) вставит новый элемент&nbsp;<i>v</i>&nbsp;на позицию&nbsp;<i>i</i>. В интерактивном режиме выглядит это так:</p>\r\n', '1000.00');
COMMIT;

-- ----------------------------
--  Table structure for `news`
-- ----------------------------
DROP TABLE IF EXISTS `news`;
CREATE TABLE `news` (
  `id` int(11) NOT NULL AUTO_INCREMENT,
  `header` varchar(255) NOT NULL,
  `slug` varchar(255) NOT NULL,
  `body` longtext NOT NULL,
  `created` datetime NOT NULL,
  `updated` datetime DEFAULT NULL,
  `user_id` int(11) NOT NULL,
  `views` int(11) NOT NULL,
  PRIMARY KEY (`id`),
  UNIQUE KEY `slug` (`slug`),
  KEY `news_fbfc09f1` (`user_id`),
  CONSTRAINT `user_id_refs_id_1a95bf53` FOREIGN KEY (`user_id`) REFERENCES `auth_user` (`id`)
) ENGINE=InnoDB DEFAULT CHARSET=utf8;

-- ----------------------------
--  Table structure for `pages_blog`
-- ----------------------------
DROP TABLE IF EXISTS `pages_blog`;
CREATE TABLE `pages_blog` (
  `id` int(11) NOT NULL AUTO_INCREMENT,
  `name` varchar(100) NOT NULL,
  `slug` varchar(50) NOT NULL,
  `text` longtext NOT NULL,
  `menu_select` varchar(20) NOT NULL,
  PRIMARY KEY (`id`),
  KEY `pages_blog_a951d5d6` (`slug`)
) ENGINE=InnoDB AUTO_INCREMENT=4 DEFAULT CHARSET=utf8;

-- ----------------------------
--  Records of `pages_blog`
-- ----------------------------
BEGIN;
INSERT INTO `pages_blog` VALUES ('1', 'Первая статья в блог', 'pervaya-statya-v-blog', '<p style=\"text-align: justify; font-size: 11px; line-height: 14px; margin: 0px 0px 14px; padding: 0px; color: rgb(0, 0, 0); font-family: Arial, Helvetica, sans;\">Многие думают, что Lorem Ipsum - взятый с потолка псевдо-латинский набор слов, но это не совсем так. Его корни уходят в один фрагмент классической латыни 45 года н.э., то есть более двух тысячелетий назад. Ричард МакКлинток, профессор латыни из колледжа Hampden-Sydney, штат Вирджиния, взял одно из самых странных слов в Lorem Ipsum, &quot;consectetur&quot;, и занялся его поисками в классической латинской литературе. В результате он нашёл неоспоримый первоисточник Lorem Ipsum в разделах 1.10.32 и 1.10.33 книги &quot;de Finibus Bonorum et Malorum&quot; (&quot;О пределах добра и зла&quot;), написанной Цицероном в 45 году н.э. Этот трактат по теории этики был очень популярен в эпоху Возрождения. Первая строка Lorem Ipsum, &quot;Lorem ipsum dolor sit amet..&quot;, происходит от одной из строк в разделе 1.10.32</p>\r\n\r\n<p style=\"text-align: justify; font-size: 11px; line-height: 14px; margin: 0px 0px 14px; padding: 0px; color: rgb(0, 0, 0); font-family: Arial, Helvetica, sans;\">Классический текст Lorem Ipsum, используемый с XVI века, приведён ниже. Также даны разделы 1.10.32 и 1.10.33 &quot;de Finibus Bonorum et Malorum&quot; Цицерона и их английский перевод, сделанный H. Rackham, 1914 год.</p>\r\n', 'section1'), ('2', 'Вторая статья в блог', 'vtoraya-statya-v-blog', '<p style=\"text-align: justify; font-size: 11px; line-height: 14px; margin: 0px 0px 14px; padding: 0px; color: rgb(0, 0, 0); font-family: Arial, Helvetica, sans;\">Многие думают, что Lorem Ipsum - взятый с потолка псевдо-латинский набор слов, но это не совсем так. Его корни уходят в один фрагмент классической латыни 45 года н.э., то есть более двух тысячелетий назад. Ричард МакКлинток, профессор латыни из колледжа Hampden-Sydney, штат Вирджиния, взял одно из самых странных слов в Lorem Ipsum, &quot;consectetur&quot;, и занялся его поисками в классической латинской литературе. В результате он нашёл неоспоримый первоисточник Lorem Ipsum в разделах 1.10.32 и 1.10.33 книги &quot;de Finibus Bonorum et Malorum&quot; (&quot;О пределах добра и зла&quot;), написанной Цицероном в 45 году н.э. Этот трактат по теории этики был очень популярен в эпоху Возрождения. Первая строка Lorem Ipsum, &quot;Lorem ipsum dolor sit amet..&quot;, происходит от одной из строк в разделе 1.10.32</p>\r\n\r\n<p style=\"text-align: justify; font-size: 11px; line-height: 14px; margin: 0px 0px 14px; padding: 0px; color: rgb(0, 0, 0); font-family: Arial, Helvetica, sans;\">Классический текст Lorem Ipsum, используемый с XVI века, приведён ниже. Также даны разделы 1.10.32 и 1.10.33 &quot;de Finibus Bonorum et Malorum&quot; Цицерона и их английский перевод, сделанный H. Rackham, 1914 год.</p>\r\n', 'section2'), ('3', 'Третья статья в блог', 'tretya-statya-v-blog', '<p style=\"text-align: justify; font-size: 11px; line-height: 14px; margin: 0px 0px 14px; padding: 0px; color: rgb(0, 0, 0); font-family: Arial, Helvetica, sans;\">Многие думают, что Lorem Ipsum - взятый с потолка псевдо-латинский набор слов, но это не совсем так. Его корни уходят в один фрагмент классической латыни 45 года н.э., то есть более двух тысячелетий назад. Ричард МакКлинток, профессор латыни из колледжа Hampden-Sydney, штат Вирджиния, взял одно из самых странных слов в Lorem Ipsum, &quot;consectetur&quot;, и занялся его поисками в классической латинской литературе. В результате он нашёл неоспоримый первоисточник Lorem Ipsum в разделах 1.10.32 и 1.10.33 книги &quot;de Finibus Bonorum et Malorum&quot; (&quot;О пределах добра и зла&quot;), написанной Цицероном в 45 году н.э. Этот трактат по теории этики был очень популярен в эпоху Возрождения. Первая строка Lorem Ipsum, &quot;Lorem ipsum dolor sit amet..&quot;, происходит от одной из строк в разделе 1.10.32</p>\r\n\r\n<p style=\"text-align: justify; font-size: 11px; line-height: 14px; margin: 0px 0px 14px; padding: 0px; color: rgb(0, 0, 0); font-family: Arial, Helvetica, sans;\">Классический текст Lorem Ipsum, используемый с XVI века, приведён ниже. Также даны разделы 1.10.32 и 1.10.33 &quot;de Finibus Bonorum et Malorum&quot; Цицерона и их английский перевод, сделанный H. Rackham, 1914 год.</p>\r\n', 'section3');
COMMIT;

-- ----------------------------
--  Table structure for `pages_page`
-- ----------------------------
DROP TABLE IF EXISTS `pages_page`;
CREATE TABLE `pages_page` (
  `id` int(11) NOT NULL AUTO_INCREMENT,
  `name` varchar(100) NOT NULL,
  `slug` varchar(50) NOT NULL,
  `text` longtext NOT NULL,
  `is_main` tinyint(1) NOT NULL,
  PRIMARY KEY (`id`),
  KEY `pages_page_a951d5d6` (`slug`)
) ENGINE=InnoDB AUTO_INCREMENT=12 DEFAULT CHARSET=utf8;

-- ----------------------------
--  Records of `pages_page`
-- ----------------------------
BEGIN;
INSERT INTO `pages_page` VALUES ('1', '404 - служебная страница', '404', '<p>страница не найдена</p>\r\n', '0'), ('2', 'О нас', 'o-nas', '<p style=\"margin: 0px; padding: 0px 0px 10px; border: 0px; outline: 0px; font-size: 14px; vertical-align: baseline; background-color: transparent; line-height: 24px; color: rgb(17, 17, 17); font-family: Arial, Helvetica, sans-serif;\"><img alt=\"Текст на главную страницу интернет-магазина\" class=\"alignleft size-full wp-image-2593\" height=\"227\" src=\"http://free-writing.ru/wp-content/uploads//2012/07/shop1.jpg\" style=\"margin: 0px 15px 0px 0px; padding: 0px; border: 0px; outline: 0px; vertical-align: baseline; background-color: transparent; float: left; display: inline;\" width=\"250\" />Чем Интернет-магазин отличается от обычного коммерческого&nbsp;сайта-продавца? На самом деле &mdash; только тем, что на текст на главную страницу делают небольшим. Как правило, всего 1-2 абзаца.</p>\r\n\r\n<p style=\"margin: 0px; padding: 0px 0px 10px; border: 0px; outline: 0px; font-size: 14px; vertical-align: baseline; background-color: transparent; line-height: 24px; color: rgb(17, 17, 17); font-family: Arial, Helvetica, sans-serif;\">&nbsp;</p>\r\n\r\n<h2 style=\"margin: 0px; padding: 20px 0px; border: 0px; outline: 0px; font-size: 24px; vertical-align: baseline; background-color: transparent; color: black; letter-spacing: -1px; line-height: 1em; font-weight: 700; font-family: Tahoma, sans-serif; text-shadow: none;\"><strong style=\"margin: 0px; padding: 0px; border: 0px; outline: 0px; vertical-align: baseline; background-color: transparent;\">Почему?</strong></h2>\r\n\r\n<p style=\"margin: 0px; padding: 0px 0px 10px; border: 0px; outline: 0px; font-size: 14px; vertical-align: baseline; background-color: transparent; line-height: 24px; color: rgb(17, 17, 17); font-family: Arial, Helvetica, sans-serif;\"><strong style=\"margin: 0px; padding: 0px; border: 0px; outline: 0px; vertical-align: baseline; background-color: transparent;\">Во-первых,</strong>&nbsp;зачастую посетители заходят на сайт со страниц-описаний товаров.</p>\r\n\r\n<p style=\"margin: 0px; padding: 0px 0px 10px; border: 0px; outline: 0px; font-size: 14px; vertical-align: baseline; background-color: transparent; line-height: 24px; color: rgb(17, 17, 17); font-family: Arial, Helvetica, sans-serif;\"><strong style=\"margin: 0px; padding: 0px; border: 0px; outline: 0px; vertical-align: baseline; background-color: transparent;\">Во-вторых</strong>, на главной странице Интернет-магазина большое значение имеет графика.</p>\r\n\r\n<p style=\"margin: 0px; padding: 0px 0px 10px; border: 0px; outline: 0px; font-size: 14px; vertical-align: baseline; background-color: transparent; line-height: 24px; color: rgb(17, 17, 17); font-family: Arial, Helvetica, sans-serif;\">Но при всем при этом оставлять главную страницу ПОЛНОСТЬЮ без текста никак нельзя.</p>\r\n\r\n<p style=\"margin: 0px; padding: 0px 0px 10px; border: 0px; outline: 0px; font-size: 14px; vertical-align: baseline; background-color: transparent; line-height: 24px; color: rgb(17, 17, 17); font-family: Arial, Helvetica, sans-serif;\">&nbsp;</p>\r\n\r\n<h2 style=\"margin: 0px; padding: 20px 0px; border: 0px; outline: 0px; font-size: 24px; vertical-align: baseline; background-color: transparent; color: black; letter-spacing: -1px; line-height: 1em; font-weight: 700; font-family: Tahoma, sans-serif; text-shadow: none;\"><strong style=\"margin: 0px; padding: 0px; border: 0px; outline: 0px; vertical-align: baseline; background-color: transparent;\">Опять же вопрос &mdash; почему?</strong></h2>\r\n\r\n<p style=\"margin: 0px; padding: 0px 0px 10px; border: 0px; outline: 0px; font-size: 14px; vertical-align: baseline; background-color: transparent; line-height: 24px; color: rgb(17, 17, 17); font-family: Arial, Helvetica, sans-serif;\"><strong style=\"margin: 0px; padding: 0px; border: 0px; outline: 0px; vertical-align: baseline; background-color: transparent;\">Во-первых,</strong>&nbsp;кто-то все-таки зайдет с главной страницы и&hellip; может растеряться.</p>\r\n\r\n<p style=\"margin: 0px; padding: 0px 0px 10px; border: 0px; outline: 0px; font-size: 14px; vertical-align: baseline; background-color: transparent; line-height: 24px; color: rgb(17, 17, 17); font-family: Arial, Helvetica, sans-serif;\"><strong style=\"margin: 0px; padding: 0px; border: 0px; outline: 0px; vertical-align: baseline; background-color: transparent;\">Во-вторых</strong>, читателю нужно понимать, куда он попал.</p>\r\n\r\n<p style=\"margin: 0px; padding: 0px 0px 10px; border: 0px; outline: 0px; font-size: 14px; vertical-align: baseline; background-color: transparent; line-height: 24px; color: rgb(17, 17, 17); font-family: Arial, Helvetica, sans-serif;\">&nbsp;</p>\r\n\r\n<h2 style=\"margin: 0px; padding: 20px 0px; border: 0px; outline: 0px; font-size: 24px; vertical-align: baseline; background-color: transparent; color: black; letter-spacing: -1px; line-height: 1em; font-weight: 700; font-family: Tahoma, sans-serif; text-shadow: none;\"><strong style=\"margin: 0px; padding: 0px; border: 0px; outline: 0px; vertical-align: baseline; background-color: transparent;\">Однако у текстов для Интернет-магазинов есть свои секреты:</strong></h2>\r\n\r\n<p style=\"margin: 0px; padding: 0px 0px 10px; border: 0px; outline: 0px; font-size: 14px; vertical-align: baseline; background-color: transparent; line-height: 24px; color: rgb(17, 17, 17); font-family: Arial, Helvetica, sans-serif;\">1) текст на главной странице имеет привлекательный заголовок (а не обычное &laquo;Здравствуйте, добро пожаловать!)</p>\r\n\r\n<p style=\"margin: 0px; padding: 0px 0px 10px; border: 0px; outline: 0px; font-size: 14px; vertical-align: baseline; background-color: transparent; line-height: 24px; color: rgb(17, 17, 17); font-family: Arial, Helvetica, sans-serif;\">2) текст раскрывает самые яркие выгоды</p>\r\n\r\n<p style=\"margin: 0px; padding: 0px 0px 10px; border: 0px; outline: 0px; font-size: 14px; vertical-align: baseline; background-color: transparent; line-height: 24px; color: rgb(17, 17, 17); font-family: Arial, Helvetica, sans-serif;\">3) текст может сразу предлагать выбирать из товаров, которые находятся на картинках под текстом &mdash; читатель немедленно направляется по нужному маршруту.</p>\r\n\r\n<p style=\"margin: 0px; padding: 0px 0px 10px; border: 0px; outline: 0px; font-size: 14px; vertical-align: baseline; background-color: transparent; line-height: 24px; color: rgb(17, 17, 17); font-family: Arial, Helvetica, sans-serif;\">4) текст умещается на 1-2 абзаца &mdash; б<em style=\"margin: 0px; padding: 0px; border: 0px; outline: 0px; vertical-align: baseline; background-color: transparent;\">О</em>льший объем просто не уместен в Интернет-магазине.</p>\r\n\r\n<p style=\"margin: 0px; padding: 0px 0px 10px; border: 0px; outline: 0px; font-size: 14px; vertical-align: baseline; background-color: transparent; line-height: 24px; color: rgb(17, 17, 17); font-family: Arial, Helvetica, sans-serif;\">Поэтому давайте попробуем написать хороший текст для главной страницы Ozon.ru.</p>\r\n\r\n<p style=\"margin: 0px; padding: 0px 0px 10px; border: 0px; outline: 0px; font-size: 14px; vertical-align: baseline; background-color: transparent; line-height: 24px; color: rgb(17, 17, 17); font-family: Arial, Helvetica, sans-serif;\">&nbsp;</p>\r\n\r\n<h2 style=\"margin: 0px; padding: 20px 0px; border: 0px; outline: 0px; font-size: 24px; vertical-align: baseline; background-color: transparent; color: black; letter-spacing: -1px; line-height: 1em; font-weight: 700; font-family: Tahoma, sans-serif; text-shadow: none;\"><strong style=\"margin: 0px; padding: 0px; border: 0px; outline: 0px; vertical-align: baseline; background-color: transparent;\">Требования к тексту на главной странице:</strong></h2>\r\n\r\n<p style=\"margin: 0px; padding: 0px 0px 10px; border: 0px; outline: 0px; font-size: 14px; vertical-align: baseline; background-color: transparent; line-height: 24px; color: rgb(17, 17, 17); font-family: Arial, Helvetica, sans-serif;\">1. Объем текста &mdash; не более 2-х абзацев, каждый по 4-5 строк максимум.</p>\r\n\r\n<p style=\"margin: 0px; padding: 0px 0px 10px; border: 0px; outline: 0px; font-size: 14px; vertical-align: baseline; background-color: transparent; line-height: 24px; color: rgb(17, 17, 17); font-family: Arial, Helvetica, sans-serif;\">2. Заголовок должен быть цепляющим&nbsp;</p>\r\n\r\n<p style=\"margin: 0px; padding: 0px 0px 10px; border: 0px; outline: 0px; font-size: 14px; vertical-align: baseline; background-color: transparent; line-height: 24px; color: rgb(17, 17, 17); font-family: Arial, Helvetica, sans-serif;\">3. В тексте раскрываем самые яркие выгоды</p>\r\n\r\n<p style=\"margin: 0px; padding: 0px 0px 10px; border: 0px; outline: 0px; font-size: 14px; vertical-align: baseline; background-color: transparent; line-height: 24px; color: rgb(17, 17, 17); font-family: Arial, Helvetica, sans-serif;\">4. Не забываем направлять человека дальше.</p>\r\n\r\n<p style=\"margin: 0px; padding: 0px 0px 10px; border: 0px; outline: 0px; font-size: 14px; vertical-align: baseline; background-color: transparent; line-height: 24px; color: rgb(17, 17, 17); font-family: Arial, Helvetica, sans-serif;\">&nbsp;</p>\r\n', '1'), ('3', 'Контакты', 'kontakty', '<p class=\"phone_text\"><span style=\"line-height: 1.6em;\">Вотс Апп: +79242062992</span></p>\r\n\r\n<p class=\"phone_text\">Вайбер: +66850167491</p>\r\n\r\n<p><a href=\"mailto:PolyThai@mail.ru\">PolyThai@mail.ru</a></p>\r\n', '0'), ('4', 'Акции', 'akcii', '<h3>Какова специфика специфика написания текста для рекламной акции?</h3>\r\n\r\n<p><img alt=\"\" class=\"alignleft\" src=\"http://specokraska.ru/Poroshok/s45163097.jpg\" style=\"background-color:transparent; border:0px; float:left; height:108px; margin:4px 14px 2px 0px; outline:0px; padding:0px; vertical-align:baseline; width:123px\" />Акция &ndash; это предложение каких-либо товаров или услуг на выгодных, привлекательных условиях. Это позволяет увеличить количество покупок, заказов или быстро распродать определенную категорию продукции.</p>\r\n\r\n<p><strong>Специфика текста рекламной акции</strong>&nbsp;заключается в том, чтобы показать клиенту очевидную выгоду его приобретения и выгоду совершения покупки именно сейчас. Таким образом, его нужно заинтересовать и аккуратно подтолкнуть к совершению покупки или заказа.</p>\r\n\r\n<h2>Тухлый текст акции</h2>\r\n\r\n<p>Тухлые тексты акций встречаются там и здесь. Почему тухлые? Потому что они направлены лишь на то, чтобы впарить клиенту скидку, бонус, подарок, но не сам товар. Это самая распространенная ошибка, которая убивает проводимую акцию выстрелом в голову.</p>\r\n\r\n<h2>Текст акции, который &laquo;выстрелит&raquo;</h2>\r\n\r\n<p>Хорошо то описание акции, которое составлено с учетом целевой аудитории, которая заинтересуется вашим продуктом. Мы пишем тексты, учитывая потребности и проблемы ваших клиентов.</p>\r\n\r\n<p>Хорош тот&nbsp;<strong>текст акции</strong>, который написан простым языком. Мы пишем на языке ваших клиентов, не заваливаем их сложными терминами. Важно, чтобы условия были изложены максимально понятно, лаконично.</p>\r\n\r\n<p>Хороша та рекламная акция, которая освещается на вашем сайте, а также в социальных сетях и рекламных блоках. Мы предоставим все необходимые текстовые материалы для размещения на разных типах площадок.</p>\r\n\r\n<h3>Кстати</h3>\r\n\r\n<p>Праздники &ndash; лучшее время для проведения акций. Как показывает статистика, в предпраздничные дни людям проще расставаться с деньгами, так как они настроены на некоторые расходы. Мы рады написать для вас текст новогодней акции или акции, приуроченной к 8 марта &ndash; к каждому празднику свой подход, свое настроение.</p>\r\n', '0'), ('5', 'Как сделать заказ', 'kak-sdelat-zakaz', '<h1 class=\"spon\">как <em>сделать</em> <strong>заказ</strong></h1>\r\n\r\n<p><strong><img alt=\"\" src=\"/static/uploads/2014/12/01/iukq_b.png\" style=\"width: 100px; height: 100px;\" />​</strong></p>\r\n\r\n<p><strong>йцуйцу</strong></p>\r\n', '0'), ('6', 'Доставка общая информация', 'dostavka-obshaya-informaciya', '<p>Доставка общая информация</p>\r\n', '0'), ('7', 'Цены на доставку', 'ceny-na-dostavku', '<p>Цены на доставку</p>\r\n', '0'), ('8', 'Отслеживание посылок', 'otslezhivanie-posylok', '<p>Отслеживание посылок</p>\r\n', '0'), ('9', 'Вопрос — ответ', 'vopros-otvet', '<p>Вопрос &mdash; ответ</p>\r\n', '0'), ('10', 'Для оптовых покупателей', 'dlya-optovyh-pokupatelej', '<p>Для оптовых покупателей</p>\r\n', '0'), ('11', 'test page', 'test-page', '<p><img alt=\"\" src=\"/media/uploads/2014/12/03/osnovnaia.jpg\" style=\"height:500px; width:500px\" /></p>\r\n', '0');
COMMIT;

-- ----------------------------
--  Table structure for `pages_review`
-- ----------------------------
DROP TABLE IF EXISTS `pages_review`;
CREATE TABLE `pages_review` (
  `id` int(11) NOT NULL AUTO_INCREMENT,
  `user_id` int(11) NOT NULL,
  `review` longtext NOT NULL,
  PRIMARY KEY (`id`),
  KEY `pages_review_fbfc09f1` (`user_id`),
  CONSTRAINT `user_id_refs_id_a5aaee2d4f62c3f` FOREIGN KEY (`user_id`) REFERENCES `auth_user` (`id`)
) ENGINE=InnoDB AUTO_INCREMENT=3 DEFAULT CHARSET=utf8;

-- ----------------------------
--  Records of `pages_review`
-- ----------------------------
BEGIN;
INSERT INTO `pages_review` VALUES ('1', '1', '<p style=\"padding: 0px; margin: 0.5em 0px; color: rgb(34, 34, 34); font-family: Arial, Tahoma, sans; line-height: normal;\">купила маску с&nbsp;фруктовыми кислотами (эксфолиант) за&nbsp;300 рублей. не&nbsp;ожидала такого эффекта очень рекомендую девушкам от&nbsp;25 лет&nbsp;со&nbsp;смешаной кожей взять его&nbsp;на&nbsp;заметку! отлично отшелушивает верхний слой кожи (при использоваении небольшое жжение, но&nbsp;потом проходит) и&nbsp;кожа просто обновленная. Поры уменьшаются (у меня на&nbsp;носу и&nbsp;лбу широкие поры и&nbsp;черные точки) + омолаживающий очень хороший эффект! буду применять до&nbsp;тех пор&nbsp;пока кожа не&nbsp;станет идельной :))) да&nbsp;кстати если вы&nbsp;решите обночить кожу помните что&nbsp;после любого пилинга необходимо пользоваться солнцезащитным средством ОБЯЗАТЕЛЬНО т.к. кожа нежная, обновленная&nbsp;и не&nbsp;защищенная после пилинга!</p>\r\n\r\n<p style=\"padding: 0px; margin: 0.5em 0px; color: rgb(34, 34, 34); font-family: Arial, Tahoma, sans; line-height: normal;\">Собираюсь прикупить еще&nbsp;маски этой фирмы,&nbsp;у них&nbsp;очень правильный состав косметики, эффективно и&nbsp;не дорого.</p>\r\n'), ('2', '2', '<p><span style=\"color: rgb(34, 34, 34); font-family: Arial, Tahoma, sans; line-height: normal;\">Полностью согласна!!!&nbsp;чудо косметика.Я тоже использую эту&nbsp;маску, а&nbsp;еще&nbsp;</span> крем-краб <span style=\"color: rgb(34, 34, 34); font-family: Arial, Tahoma, sans; line-height: normal;\">&nbsp; полирующим эффектом. Очерных точках, угрях и&nbsp;расширенных порах за&nbsp;год использования косметики забыла!!!</span></p>\r\n');
COMMIT;

-- ----------------------------
--  Table structure for `product_images`
-- ----------------------------
DROP TABLE IF EXISTS `product_images`;
CREATE TABLE `product_images` (
  `id` int(11) NOT NULL AUTO_INCREMENT,
  `image` varchar(100) NOT NULL,
  `description` varchar(255) NOT NULL,
  `product_id` int(11) NOT NULL,
  `default` tinyint(1) NOT NULL,
  PRIMARY KEY (`id`),
  KEY `product_images_bb420c12` (`product_id`),
  CONSTRAINT `product_id_refs_id_729eb245f2acfb67` FOREIGN KEY (`product_id`) REFERENCES `products` (`id`)
) ENGINE=InnoDB AUTO_INCREMENT=33 DEFAULT CHARSET=utf8;

-- ----------------------------
--  Records of `product_images`
-- ----------------------------
BEGIN;
INSERT INTO `product_images` VALUES ('12', 'products/images/Osnovnaia_1.jpg', '', '8', '1'), ('13', 'products/images/Osnovnaia_2.jpg', '', '9', '1'), ('14', 'products/images/Opisanie.jpg', '', '10', '1'), ('15', 'products/images/Osnovnaia.jpg', '', '11', '1'), ('16', 'products/images/Osnovnaia_3.jpg', '', '12', '1'), ('17', 'products/images/Vtoroe_foto.png', '', '12', '0'), ('18', 'products/images/Основная.jpg', '', '13', '1'), ('19', 'products/images/Osnovnaia_4.jpg', '', '14', '1'), ('20', 'products/images/Osnovnaia_5.jpg', '', '15', '1'), ('21', 'products/images/Osnovnaia_6.jpg', '', '16', '1'), ('22', 'products/images/Osnovnaia_7.jpg', '', '17', '1'), ('23', 'products/images/Osnovnaia_8.jpg', '', '18', '1'), ('24', 'products/images/Osnovnaia_9.jpg', '', '19', '1'), ('25', 'products/images/Osnovnaia_10.jpg', '', '20', '1'), ('26', 'products/images/Osnovnaia_11.jpg', '', '21', '1'), ('27', 'products/images/Osnovnaia_13.jpg', '', '22', '1'), ('28', 'products/images/Tretie_foto.jpg', '', '22', '0'), ('29', 'products/images/Vtoroe_foto_1.png', '', '22', '0'), ('30', 'products/images/Osnovnaia_12.jpg', '', '23', '1'), ('32', 'products/images/1407855312_viber.jpg', '', '23', '0');
COMMIT;

-- ----------------------------
--  Table structure for `product_volume`
-- ----------------------------
DROP TABLE IF EXISTS `product_volume`;
CREATE TABLE `product_volume` (
  `id` int(11) NOT NULL AUTO_INCREMENT,
  `volume` decimal(9,2) NOT NULL,
  `weight` decimal(9,2) NOT NULL,
  `price` decimal(9,2) NOT NULL,
  `new_price` decimal(9,2) NOT NULL,
  `product_id` int(11) NOT NULL,
  `default` tinyint(1) NOT NULL,
  PRIMARY KEY (`id`),
  KEY `product_volume_bb420c12` (`product_id`),
  CONSTRAINT `product_id_refs_id_3ff96becab816cef` FOREIGN KEY (`product_id`) REFERENCES `products` (`id`)
) ENGINE=InnoDB AUTO_INCREMENT=19 DEFAULT CHARSET=utf8;

-- ----------------------------
--  Records of `product_volume`
-- ----------------------------
BEGIN;
INSERT INTO `product_volume` VALUES ('1', '120.00', '180.00', '150.00', '100.00', '13', '1'), ('2', '250.00', '380.00', '300.00', '0.00', '13', '0'), ('3', '450.00', '500.00', '620.00', '580.00', '13', '0'), ('4', '100.00', '200.00', '300.00', '0.00', '21', '1'), ('5', '50.00', '200.00', '280.00', '0.00', '23', '1'), ('6', '50.00', '150.00', '450.00', '0.00', '22', '1'), ('7', '50.00', '200.00', '400.00', '300.00', '20', '1'), ('8', '50.00', '100.00', '180.00', '0.00', '19', '1'), ('9', '120.00', '220.00', '390.00', '0.00', '18', '1'), ('10', '120.00', '220.00', '350.00', '0.00', '17', '1'), ('11', '15.00', '60.00', '130.00', '0.00', '16', '1'), ('12', '100.00', '200.00', '350.00', '0.00', '15', '1'), ('13', '200.00', '300.00', '250.00', '0.00', '14', '1'), ('14', '50.00', '150.00', '450.00', '0.00', '12', '1'), ('15', '60.00', '120.00', '310.00', '0.00', '11', '1'), ('16', '120.00', '220.00', '450.00', '0.00', '10', '1'), ('17', '100.00', '200.00', '380.00', '0.00', '9', '1'), ('18', '100.00', '200.00', '380.00', '0.00', '8', '1');
COMMIT;

-- ----------------------------
--  Table structure for `products`
-- ----------------------------
DROP TABLE IF EXISTS `products`;
CREATE TABLE `products` (
  `id` int(11) NOT NULL AUTO_INCREMENT,
  `name` varchar(255) NOT NULL,
  `slug` varchar(255) NOT NULL,
  `not_available` tinyint(1) NOT NULL,
  `is_bestseller` tinyint(1) NOT NULL,
  `is_aqua` tinyint(1) NOT NULL,
  `description` longtext NOT NULL,
  `meta_keywords` varchar(255) NOT NULL,
  `meta_description` varchar(255) NOT NULL,
  `created_at` datetime NOT NULL,
  `updated_at` datetime NOT NULL,
  `brand_name_id` int(11),
  `is_new` tinyint(1) NOT NULL,
  `categories_id` int(11) NOT NULL,
  PRIMARY KEY (`id`),
  UNIQUE KEY `name` (`name`),
  UNIQUE KEY `slug` (`slug`),
  KEY `products_187ca497` (`brand_name_id`),
  KEY `products_9bfa5f2e` (`categories_id`),
  CONSTRAINT `brand_name_id_refs_id_7a3c25f6947a6a69` FOREIGN KEY (`brand_name_id`) REFERENCES `brand_product` (`id`),
  CONSTRAINT `categories_id_refs_id_4c62c9db19b7644d` FOREIGN KEY (`categories_id`) REFERENCES `categories` (`id`)
) ENGINE=InnoDB AUTO_INCREMENT=24 DEFAULT CHARSET=utf8;

-- ----------------------------
--  Records of `products`
-- ----------------------------
BEGIN;
INSERT INTO `products` VALUES ('8', 'Рисовое мыло с углем Thann', 'risovoe-mylo-s-uglem-thann', '0', '0', '0', 'Рисовое мыло Thann с углем и рисовым скрабом. Очищает кожу и выводит токсины. Объединяет в себе питательные свойства масла рисовых отрубей и ботанических эфирных масел. Рисовый скраб отшелушивает отмершие клетки кожи, что помогает коже выглядеть здоровой и обновленной. Уголь обеспечивает детокс эффект и балансирует выработку кожного жира. Состоит на 90%  из натурального сырья.', '', '', '2014-11-24 21:24:38', '2014-11-29 22:33:12', '5', '0', '19'), ('9', 'Рисовое мыло Thann', 'risovoe-mylo-thann', '0', '0', '0', 'Рисовое мыло Thann с рисовым скрабом и эфирными маслами лемонграсса и каффир лайма. Объединяет в себе питательные свойства масла рисовых отрубей и растительных эфирных масел. Масло каффир лайма очищает и увлажняет кожу. Масло лемонграсса обладает антисептическими свойствами. ', '', '', '2014-11-24 21:49:44', '2014-11-29 22:32:16', '5', '0', '19'), ('10', 'Boots интенсивно-увлажняющий крем', 'boots-intensivno-uvlazhnyayushij-krem', '0', '0', '0', 'Boots интенсивно-увлажняющий крем для ног с маслом жажоба. Отлично расслабит,увлажнит и защитит от сухости ваши ножки.', '', '', '2014-11-24 21:54:53', '2014-11-29 22:31:56', '6', '0', '20'), ('11', 'Крем для ног «Дикая мята»', 'krem-dlya-nog-dikaya-myata', '0', '0', '0', '', '', '', '2014-11-24 21:59:18', '2014-12-02 13:08:19', '7', '0', '20'), ('12', 'Крем для ног \"Изумительный банан\" ', 'krem-dlya-nog-izumitelnyj-banan', '0', '0', '0', 'Смягчающий крем для ног \"Изумительный банан\" / \"Tender Me\" Foot Cream Wonder Banana. Супер увлажняющий крем для ног содержит экстракты разных сортов банана, богатых калием и витамином А, он интенсивно питает и смягчает кожу, улучшает ее регенирацию, при регулярном использовании быстро убирает трещины на пятках. Крем сочетает восхитительный банановый аромат со свежестью мяты.', '', '', '2014-11-24 22:09:08', '2014-11-29 22:31:13', null, '0', '20'), ('13', 'крем для ног с экстрактами', 'krem-dlya-nog-s-ekstraktami', '0', '0', '0', 'Потрясающий крем для ног с натуральными экстрактами! Сделает ваши ножки мягкими,избавит от трещин и защитит ваши пяточки от сухости. Каждый экстракт имеет свое уникальное свойство.', '', '', '2014-11-24 22:13:57', '2014-12-01 09:53:36', null, '0', '20'), ('14', 'Крем для ног от натоптышей с бананом', 'krem-dlya-nog-ot-natoptyshej-s-bananom', '0', '0', '0', 'КРЕМ ДЛЯ НОГ ОТ НАТОПТЫШЕЙ С БАНАНОМ. Экстракт плая (имбиря кассумунара) обладает ранозаживляющим, антигрибковым и противоспалительным действием, помогает при спазмах и судорогах улучшает кровообращение. Натуральные увлажнители и экстракт банана прекрасно смягчает и успокаивают кожу, способствуя заживлению ран и трещин. Регулярное применение крема избавит от натоптышей и неприятного запаха, сделает кожу ступней более мягкой и ухоженной.', '', '', '2014-11-24 22:29:30', '2014-11-29 22:30:39', '8', '0', '20'), ('15', 'Крем от трещин Boots', 'krem-ot-treshin-boots', '0', '0', '0', 'Boots интенсивный крем от трещин на коже ног с натуральными экстрактами. Отлично увлажнит и защитит ваши ножки от сухости.', '', '', '2014-11-24 22:31:18', '2014-11-29 22:30:22', '6', '0', '20'), ('16', 'Крем от загрубевшей кожи на пятках', 'krem-ot-zagrubevshej-kozhi-na-pyatkah', '0', '0', '0', 'Крем для ног от загрубевшей кожи на пятках. Ваши пяточки станут бархотными. Применять каждый день на ночь. Результат будет заметен уже через 3 дня', '', '', '2014-11-24 22:33:04', '2014-11-29 22:30:01', null, '0', '20'), ('17', 'Нежный баттер для ног ', 'nezhnyj-batter-dlya-nog', '0', '0', '0', 'Boots увлажняющий баттер для ног с маслом ши. Питает,увлажняет и отлично подходит для массажа.', '', '', '2014-11-24 22:34:17', '2014-11-29 22:29:40', '6', '0', '20'), ('18', 'Освежающий спрей для ног', 'osvezhayushij-sprej-dlya-nog', '0', '0', '1', 'Освежающий спрей для ног «Дикая мята» от органической фирмы Lemongrass House. Спрей придает коже ног легкость,свежесть и приятный запах. Тонизирует и освежает. Дает хороший охлаждающий эффект.\r\nСостав: сок алоэ вера,инфузия лимона,стеариловый спирт,твин-20,экстракт огурца,эфирное масло дикой мяты,витамин С.\r\n', '', '', '2014-11-24 22:36:02', '2014-11-29 22:29:16', '7', '0', '20'), ('19', 'Пилинг маска для ног', 'piling-maska-dlya-nog', '0', '0', '1', 'Пилинг маска для ног. Замечательный пилинг для ваших ножек из натуральных компонентов. После одного применения ваши ножки станут,как у младенца.\r\nСпособ применения: распарить ноги,высушить их полотенцем,распределить жидкость от маски равномерно на обе ноги,одеть полиэтиленовые носочки (они входят в комплект) и ждать 40 минут. По истечению этого времни,промыть ноги теплой водой. Затем на сухие ноги нанести крем из малой половинки.\r\n', '', '', '2014-11-24 22:37:13', '2014-11-29 22:28:55', '9', '0', '20'), ('20', 'Пилинг носочки Richenna', 'piling-nosochki-richenna', '0', '1', '1', 'Супер новинка! Шелковые пяточки за 12 дней! Маска-пилинг для ног Richenna PEELING FOOT MASK Свойства: Richenna PEELING FOOT MASK – пилинговая маска для ног, в состав которой не входят пилинговые частицы. Вам нужно сделать 2 действия – нанести на кожу ног и смыть. Легко удаляются ороговевшие клетки, и кожа становится такой же нежной как у младенца. Фруктовая кислота (АНА) является основным ингредиентом, которая воздействует на кожу мягче, чем другие кислоты. Для облегчения пилинга она проникает внутрь омертвевших слоев кожи и воздействует на них. В состав входят натуральные экстракты 10 трав, что обеспечивает глубокое увлажнение, кожа ног мягкая и гладкая. Использование: Вымойте ноги и удалите лак сногтей. По окончанию процедуры очистки, в полиэтиленовые носки (они прилагаются) влейте лосьон Richenna и наденьте на ноги. Пусть впитывается. Рекомендуется 25 мл лосьона использовать на каждую ногу. Липкой лентой (прилагается) обмотайте ноги до лодыжки; По истечении 2 часов аккуратно снимите полиэтиленовые носки и вымойте ноги. Результат: Уже через 12 дней кожа на ногах полностью очищается от омертвевших клеток. Внимание! Не пытайтесь самостоятельно удалять старую кожу, т.к. Вы можете травмировать молодую нежную кожу.', '', '', '2014-11-24 22:39:05', '2014-11-29 22:28:37', '10', '1', '20'), ('21', 'Скраб для ног Boots', 'skrab-dlya-nog-boots', '0', '0', '1', 'Boots скраб для ног с абрикосовыми косточками. Сделает вашу кожу мягкой и увлажненной. Отлично удаляет омертвевшие клетки и хорошо смягчает.', '', '', '2014-11-24 22:40:10', '2014-11-29 22:13:03', '6', '0', '20'), ('22', 'Смягчающий крем для ног «Божественное манго»', 'smyagchayushij-krem-dlya-nog-bozhestvennoe-mango', '0', '1', '0', 'Крем для смягчения ног, локтей и коленей «Божественное манго»/ Divine Mango Softening Cream. Этот крем, содержащий экстракт манго, который так богат витаминами и полезными веществами, эффективно устраняет сухость и шершавость кожи, прекрасно увлажняет и питает. Ваши локоточки и колени снова станут мягкими и гладкими.\r\nСпособ применения: нанесите крем на колени или локти, помассируйте до полного впитывания. Насладитесь божественным, незабываемым ароматом манго и эластичной, и очень мягкой кожей!\r\nНатуральных компонентов в составе продукта примерно 96,5%.\r\n', '', '', '2014-11-24 22:42:01', '2014-12-01 18:07:44', '11', '0', '20'), ('23', 'Спрей для ног', 'sprej-dlya-nog', '0', '1', '1', 'Boots спрей для ног с антибактериальным эффектом. Хорошо дезодорирует,защищиет от излишней потливости и приятно пахнет.', '', '', '2014-11-24 22:43:05', '2014-12-02 12:52:54', '6', '0', '20');
COMMIT;

-- ----------------------------
--  Table structure for `products_feel`
-- ----------------------------
DROP TABLE IF EXISTS `products_feel`;
CREATE TABLE `products_feel` (
  `id` int(11) NOT NULL AUTO_INCREMENT,
  `product_id` int(11) NOT NULL,
  `feelname_id` int(11) NOT NULL,
  PRIMARY KEY (`id`),
  UNIQUE KEY `products_feel_product_id_44072314ffe9db33_uniq` (`product_id`,`feelname_id`),
  KEY `products_feel_bb420c12` (`product_id`),
  KEY `products_feel_fd7dd71f` (`feelname_id`),
  CONSTRAINT `feelname_id_refs_id_1f74cfe17bbb6a71` FOREIGN KEY (`feelname_id`) REFERENCES `Feel_product` (`id`),
  CONSTRAINT `product_id_refs_id_305b5404accb6117` FOREIGN KEY (`product_id`) REFERENCES `products` (`id`)
) ENGINE=InnoDB AUTO_INCREMENT=52 DEFAULT CHARSET=utf8;

-- ----------------------------
--  Records of `products_feel`
-- ----------------------------
BEGIN;
INSERT INTO `products_feel` VALUES ('46', '13', '1'), ('47', '13', '2'), ('48', '13', '4'), ('49', '13', '5'), ('50', '13', '6'), ('51', '13', '7');
COMMIT;

-- ----------------------------
--  Table structure for `robokassa_successnotification`
-- ----------------------------
DROP TABLE IF EXISTS `robokassa_successnotification`;
CREATE TABLE `robokassa_successnotification` (
  `id` int(11) NOT NULL AUTO_INCREMENT,
  `InvId` int(11) NOT NULL,
  `OutSum` varchar(15) NOT NULL,
  `created_at` datetime NOT NULL,
  PRIMARY KEY (`id`),
  KEY `robokassa_successnotification_8717ac18` (`InvId`)
) ENGINE=InnoDB DEFAULT CHARSET=utf8;

-- ----------------------------
--  Table structure for `search_terms`
-- ----------------------------
DROP TABLE IF EXISTS `search_terms`;
CREATE TABLE `search_terms` (
  `id` int(11) NOT NULL AUTO_INCREMENT,
  `query` varchar(50) NOT NULL,
  `search_date` datetime NOT NULL,
  `ip_address` char(15) NOT NULL,
  `user_id` int(11) DEFAULT NULL,
  PRIMARY KEY (`id`),
  KEY `search_terms_fbfc09f1` (`user_id`),
  CONSTRAINT `user_id_refs_id_f0816fd4` FOREIGN KEY (`user_id`) REFERENCES `auth_user` (`id`)
) ENGINE=InnoDB AUTO_INCREMENT=218 DEFAULT CHARSET=utf8;

-- ----------------------------
--  Records of `search_terms`
-- ----------------------------
BEGIN;
INSERT INTO `search_terms` VALUES ('1', 'крестик', '2014-10-29 18:44:46', '127.0.0.1', '1'), ('2', 'товар', '2014-10-29 20:43:45', '127.0.0.1', '1'), ('3', 'категория', '2014-10-29 23:31:32', '127.0.0.1', '1'), ('4', 'товар', '2014-10-29 23:31:39', '127.0.0.1', '1'), ('5', 'обычный', '2014-10-29 23:31:47', '127.0.0.1', '1'), ('6', 'обычный', '2014-10-29 23:34:08', '127.0.0.1', '1'), ('7', 'обычный', '2014-10-29 23:34:09', '127.0.0.1', '1'), ('8', 'обычный', '2014-10-29 23:35:06', '127.0.0.1', '1'), ('9', 'обычный', '2014-10-29 23:35:07', '127.0.0.1', '1'), ('10', 'обычный', '2014-10-29 23:35:09', '127.0.0.1', '1'), ('11', 'товар', '2014-10-29 23:35:41', '127.0.0.1', '1'), ('12', 'товар', '2014-10-29 23:45:00', '127.0.0.1', '1'), ('13', 'товар', '2014-10-29 23:50:04', '127.0.0.1', '1'), ('14', 'товар', '2014-10-29 23:56:36', '127.0.0.1', '1'), ('15', 'товар', '2014-10-29 23:58:52', '127.0.0.1', '1'), ('16', 'товар', '2014-10-29 23:59:06', '127.0.0.1', '1'), ('17', 'товар', '2014-10-29 23:59:09', '127.0.0.1', '1'), ('18', 'товар', '2014-10-30 00:00:22', '127.0.0.1', '1'), ('19', 'товар', '2014-10-30 00:02:22', '127.0.0.1', '1'), ('20', 'товар', '2014-10-30 00:02:24', '127.0.0.1', '1'), ('21', 'товар', '2014-10-30 00:09:17', '127.0.0.1', '1'), ('22', 'товар', '2014-10-30 00:09:19', '127.0.0.1', '1'), ('23', 'товар', '2014-10-30 00:09:20', '127.0.0.1', '1'), ('24', 'товар', '2014-10-30 00:11:48', '127.0.0.1', '1'), ('25', 'Новый', '2014-10-30 00:11:55', '127.0.0.1', '1'), ('26', 'Новый', '2014-10-30 00:14:28', '127.0.0.1', '1'), ('27', 'Новый', '2014-10-30 00:14:30', '127.0.0.1', '1'), ('28', 'Новый', '2014-10-30 00:18:49', '127.0.0.1', '1'), ('29', 'Новый', '2014-10-30 00:19:50', '127.0.0.1', '1'), ('30', 'товар', '2014-10-30 00:20:00', '127.0.0.1', '1'), ('31', 'товар', '2014-10-30 00:20:09', '127.0.0.1', '1'), ('32', 'товар', '2014-10-30 00:20:18', '127.0.0.1', '1'), ('33', 'товар', '2014-10-30 00:21:18', '127.0.0.1', '1'), ('34', 'товар', '2014-10-30 00:21:21', '127.0.0.1', '1'), ('35', 'товар', '2014-10-30 00:21:38', '127.0.0.1', '1'), ('36', 'товар', '2014-10-30 00:21:56', '127.0.0.1', '1'), ('37', 'товар', '2014-10-30 00:22:08', '127.0.0.1', '1'), ('38', 'товар', '2014-10-30 00:22:28', '127.0.0.1', '1'), ('39', 'товары', '2014-10-30 00:22:58', '127.0.0.1', '1'), ('40', 'производитель', '2014-10-30 00:23:14', '127.0.0.1', '1'), ('41', 'производитель', '2014-10-30 00:23:39', '127.0.0.1', '1'), ('42', 'производитель', '2014-10-30 00:23:51', '127.0.0.1', '1'), ('43', 'производитель', '2014-10-30 00:23:52', '127.0.0.1', '1'), ('44', 'товар', '2014-10-30 00:24:04', '127.0.0.1', '1'), ('45', 'товар', '2014-10-30 00:24:45', '127.0.0.1', '1'), ('46', 'товар', '2014-10-30 00:25:22', '127.0.0.1', '1'), ('47', 'товар', '2014-10-30 00:25:35', '127.0.0.1', '1'), ('48', 'товар', '2014-10-30 00:26:06', '127.0.0.1', '1'), ('49', 'товар', '2014-10-30 00:28:28', '127.0.0.1', '1'), ('50', 'товар', '2014-10-31 01:15:53', '127.0.0.1', '1'), ('51', 'товар', '2014-10-31 01:40:03', '127.0.0.1', '1'), ('52', 'товар', '2014-10-31 01:41:07', '127.0.0.1', '1'), ('53', 'категория', '2014-10-31 19:35:07', '127.0.0.1', '1'), ('54', 'товар', '2014-10-31 19:35:10', '127.0.0.1', '1'), ('55', 'фвалз', '2014-10-31 19:35:18', '127.0.0.1', '1'), ('56', 'Китай', '2014-10-31 20:18:00', '127.0.0.1', '1'), ('57', 'товар', '2014-10-31 20:18:05', '127.0.0.1', '1'), ('58', 'тайланд', '2014-10-31 20:41:09', '127.0.0.1', '1'), ('59', 'Тайланд', '2014-10-31 20:41:36', '127.0.0.1', '1'), ('60', 'товар', '2014-10-31 20:42:11', '127.0.0.1', '1'), ('61', 'товар', '2014-10-31 20:43:20', '127.0.0.1', '1'), ('62', 'Тайланд', '2014-10-31 20:43:28', '127.0.0.1', '1'), ('63', 'товар', '2014-10-31 20:43:35', '127.0.0.1', '1'), ('64', 'Тайланд', '2014-10-31 20:45:54', '127.0.0.1', '1'), ('65', 'Китай', '2014-10-31 20:46:17', '127.0.0.1', '1'), ('66', 'товар', '2014-10-31 20:46:23', '127.0.0.1', '1'), ('67', 'товар', '2014-10-31 20:47:59', '127.0.0.1', '1'), ('68', 'товар', '2014-10-31 20:48:05', '127.0.0.1', '1'), ('69', 'Китай', '2014-10-31 20:48:08', '127.0.0.1', '1'), ('70', 'товар', '2014-10-31 23:36:06', '127.0.0.1', '1'), ('71', 'товар', '2014-10-31 23:36:12', '127.0.0.1', '1'), ('72', 'китай', '2014-10-31 23:36:19', '127.0.0.1', '1'), ('73', 'китай', '2014-10-31 23:46:42', '127.0.0.1', '1'), ('74', 'китай', '2014-10-31 23:46:44', '127.0.0.1', '1'), ('75', 'китай', '2014-10-31 23:47:37', '127.0.0.1', '1'), ('76', 'китай', '2014-10-31 23:47:48', '127.0.0.1', '1'), ('77', 'тайланд', '2014-10-31 23:47:55', '127.0.0.1', '1'), ('78', 'товар', '2014-10-31 23:48:02', '127.0.0.1', '1'), ('79', 'товар', '2014-10-31 23:48:54', '127.0.0.1', '1'), ('80', 'товар', '2014-10-31 23:51:29', '127.0.0.1', '1'), ('81', 'китай', '2014-10-31 23:51:37', '127.0.0.1', '1'), ('82', 'китай', '2014-10-31 23:51:43', '127.0.0.1', '1'), ('83', 'китай', '2014-10-31 23:52:07', '127.0.0.1', '1'), ('84', 'Тайланд', '2014-10-31 23:52:15', '127.0.0.1', '1'), ('85', 'Тайланд', '2014-10-31 23:53:29', '127.0.0.1', '1'), ('86', 'Тайланд', '2014-10-31 23:53:31', '127.0.0.1', '1'), ('87', 'Тайланд', '2014-10-31 23:53:32', '127.0.0.1', '1'), ('88', 'Тайланд', '2014-10-31 23:54:06', '127.0.0.1', '1'), ('89', 'Тайланд', '2014-10-31 23:54:07', '127.0.0.1', '1'), ('90', 'Тайланд', '2014-10-31 23:54:08', '127.0.0.1', '1'), ('91', 'Тайланд', '2014-10-31 23:54:27', '127.0.0.1', '1'), ('92', 'Тайланд', '2014-10-31 23:54:28', '127.0.0.1', '1'), ('93', 'Тайланд', '2014-10-31 23:58:48', '127.0.0.1', '1'), ('94', 'Тайланд', '2014-10-31 23:58:50', '127.0.0.1', '1'), ('95', 'Тайланд', '2014-10-31 23:59:04', '127.0.0.1', '1'), ('96', 'Тайланд', '2014-10-31 23:59:05', '127.0.0.1', '1'), ('97', 'Тайланд', '2014-11-01 00:00:13', '127.0.0.1', '1'), ('98', 'Тайланд', '2014-11-01 00:00:14', '127.0.0.1', '1'), ('99', 'Тайланд', '2014-11-01 00:00:15', '127.0.0.1', '1'), ('100', 'тайланд', '2014-11-01 00:00:23', '127.0.0.1', '1'), ('101', 'товар', '2014-11-01 00:00:27', '127.0.0.1', '1'), ('102', 'товар', '2014-11-01 00:02:29', '127.0.0.1', '1'), ('103', 'товар', '2014-11-01 00:04:34', '127.0.0.1', '1'), ('104', 'товар', '2014-11-01 00:04:54', '127.0.0.1', '1'), ('105', 'товар', '2014-11-01 00:05:08', '127.0.0.1', '1'), ('106', 'китай', '2014-11-01 00:06:16', '127.0.0.1', '1'), ('107', 'тайланд', '2014-11-01 00:06:21', '127.0.0.1', '1'), ('108', 'Китай', '2014-11-01 00:32:11', '127.0.0.1', '1'), ('109', 'Индонезия', '2014-11-01 00:32:18', '127.0.0.1', '1'), ('110', 'Индонезия', '2014-11-01 00:32:33', '127.0.0.1', '1'), ('111', 'Индонезия', '2014-11-01 00:32:37', '127.0.0.1', '1'), ('112', 'Китай', '2014-11-01 00:32:47', '127.0.0.1', '1'), ('113', 'Китай', '2014-11-01 00:33:33', '127.0.0.1', '1'), ('114', 'Тайланд', '2014-11-01 00:33:38', '127.0.0.1', '1'), ('115', 'Тайланд', '2014-11-01 00:33:43', '127.0.0.1', '1'), ('116', 'Китай', '2014-11-01 00:33:47', '127.0.0.1', '1'), ('117', 'Тайланд', '2014-11-01 00:34:00', '127.0.0.1', '1'), ('118', 'товар', '2014-11-01 00:34:06', '127.0.0.1', '1'), ('119', 'товар', '2014-11-01 02:19:11', '127.0.0.1', '4'), ('120', 'Китай', '2014-11-01 02:21:59', '127.0.0.1', '4'), ('121', 'Тайланд', '2014-11-01 02:22:02', '127.0.0.1', '4'), ('122', 'Тайланд', '2014-11-01 12:01:59', '127.0.0.1', '1'), ('123', 'Китай', '2014-11-01 14:55:38', '127.0.0.1', '1'), ('124', 'Тайланд', '2014-11-01 14:55:41', '127.0.0.1', '1'), ('125', 'Тайланд', '2014-11-06 05:35:03', '127.0.0.1', '1'), ('126', 'Тайланд', '2014-11-12 09:02:12', '127.0.0.1', '1'), ('127', 'тайланд', '2014-11-13 10:03:52', '127.0.0.1', '1'), ('128', 'вфыва', '2014-11-13 10:17:45', '127.0.0.1', '1'), ('129', 'Тайланд', '2014-11-13 23:36:28', '127.0.0.1', '1'), ('130', 'Тайланд', '2014-11-13 23:38:02', '127.0.0.1', '1'), ('131', 'Тайланд', '2014-11-13 23:39:19', '127.0.0.1', '1'), ('132', 'Тайланд', '2014-11-13 23:39:40', '127.0.0.1', '1'), ('133', 'Тайланд', '2014-11-13 23:39:58', '127.0.0.1', '1'), ('134', 'Тайланд', '2014-11-13 23:40:04', '127.0.0.1', '1'), ('135', 'Тайланд', '2014-11-13 23:40:12', '127.0.0.1', '1'), ('136', 'Тайланд', '2014-11-13 23:42:31', '127.0.0.1', '1'), ('137', 'Тайланд', '2014-11-13 23:42:38', '127.0.0.1', '1'), ('138', 'Тайланд', '2014-11-13 23:42:43', '127.0.0.1', '1'), ('139', 'Тайланд', '2014-11-13 23:43:20', '127.0.0.1', '1'), ('140', 'Тайланд', '2014-11-13 23:43:26', '127.0.0.1', '1'), ('141', 'Тайланд', '2014-11-13 23:44:27', '127.0.0.1', '1'), ('142', 'Тайланд', '2014-11-14 08:54:26', '127.0.0.1', '1'), ('143', 'Тайланд', '2014-11-14 09:04:56', '127.0.0.1', '1'), ('144', 'Тайланд', '2014-11-14 23:38:35', '127.0.0.1', '1'), ('145', 'Тайланд', '2014-11-15 10:48:55', '127.0.0.1', '1'), ('146', 'Тайланд', '2014-11-15 13:13:03', '127.0.0.1', '1'), ('147', 'Тайланд', '2014-11-15 13:20:18', '127.0.0.1', '1'), ('148', 'Тайланд', '2014-11-24 20:33:27', '127.0.0.1', '1'), ('149', 'Boots', '2014-11-24 22:44:37', '127.0.0.1', '1'), ('150', 'Boots', '2014-11-24 22:45:49', '127.0.0.1', '1'), ('151', 'Boots', '2014-11-24 22:45:50', '127.0.0.1', '1'), ('152', 'Boots', '2014-11-24 22:46:01', '127.0.0.1', '1'), ('153', 'Boots', '2014-11-24 22:46:43', '127.0.0.1', '1'), ('154', 'Thann', '2014-11-25 15:53:21', '127.0.0.1', '1'), ('155', 'Thann', '2014-11-29 00:16:18', '127.0.0.1', null), ('156', 'Thann', '2014-11-29 00:16:55', '127.0.0.1', null), ('157', 'Thann', '2014-11-29 00:16:58', '127.0.0.1', null), ('158', 'Thann', '2014-11-29 00:18:58', '127.0.0.1', null), ('159', 'Thann', '2014-11-29 00:19:01', '127.0.0.1', null), ('160', 'Thann', '2014-11-29 00:19:40', '127.0.0.1', null), ('161', 'Bio Way', '2014-11-29 00:19:46', '127.0.0.1', null), ('162', 'LemongrassHouse', '2014-11-29 00:19:53', '127.0.0.1', null), ('163', 'Richenna', '2014-11-29 00:19:58', '127.0.0.1', null), ('164', 'Natunes', '2014-11-29 00:20:01', '127.0.0.1', null), ('165', 'Bio Way', '2014-11-29 18:48:29', '127.0.0.1', '1'), ('166', 'Thann', '2014-11-29 22:54:02', '127.0.0.1', '1'), ('167', 'крем', '2014-11-29 23:59:40', '127.0.0.1', '1'), ('168', 'Thann', '2014-12-01 11:12:02', '127.0.0.1', '1'), ('169', 'Thann', '2014-12-01 11:22:44', '127.0.0.1', '1'), ('170', 'Thann', '2014-12-01 12:18:06', '127.0.0.1', '1'), ('171', 'Boots', '2014-12-01 12:18:10', '127.0.0.1', '1'), ('172', 'крем', '2014-12-01 12:18:19', '127.0.0.1', '1'), ('173', 'крем', '2014-12-01 12:18:49', '127.0.0.1', '1'), ('174', 'крем', '2014-12-02 00:18:24', '127.0.0.1', '1'), ('175', 'крем', '2014-12-02 00:18:44', '127.0.0.1', '1'), ('176', 'крем', '2014-12-02 00:20:28', '127.0.0.1', '1'), ('177', 'крем', '2014-12-02 00:21:24', '127.0.0.1', '1'), ('178', 'крем', '2014-12-02 00:21:40', '127.0.0.1', '1'), ('179', 'крем', '2014-12-02 00:21:58', '127.0.0.1', '1'), ('180', 'крем', '2014-12-02 00:22:29', '127.0.0.1', '1'), ('181', 'крем', '2014-12-02 00:22:31', '127.0.0.1', '1'), ('182', 'крем', '2014-12-02 00:22:45', '127.0.0.1', '1'), ('183', 'крем', '2014-12-02 00:22:57', '127.0.0.1', '1'), ('184', 'крем', '2014-12-02 00:23:04', '127.0.0.1', '1'), ('185', 'крем', '2014-12-02 00:23:12', '127.0.0.1', '1'), ('186', 'крем', '2014-12-02 00:23:14', '127.0.0.1', '1'), ('187', 'крем', '2014-12-02 00:23:21', '127.0.0.1', '1'), ('188', 'крем', '2014-12-02 00:23:24', '127.0.0.1', '1'), ('189', 'крем', '2014-12-02 00:23:31', '127.0.0.1', '1'), ('190', 'крем', '2014-12-02 00:23:57', '127.0.0.1', '1'), ('191', 'крем', '2014-12-02 00:23:59', '127.0.0.1', '1'), ('192', 'крем', '2014-12-04 17:16:56', '127.0.0.1', '22'), ('193', 'жожоба', '2014-12-04 17:17:39', '127.0.0.1', '22'), ('194', 'товар', '2014-12-04 17:17:45', '127.0.0.1', '22'), ('195', 'ласьон', '2014-12-04 17:17:52', '127.0.0.1', '22'), ('196', 'маска', '2014-12-04 17:18:01', '127.0.0.1', '22'), ('197', 'маска', '2014-12-04 17:19:08', '127.0.0.1', '22'), ('198', 'Поиск', '2014-12-04 17:19:36', '127.0.0.1', '22'), ('199', 'Поиск', '2014-12-04 17:21:08', '127.0.0.1', '22'), ('200', 'Поиск', '2014-12-04 17:23:02', '127.0.0.1', '22'), ('201', 'Поиск', '2014-12-04 17:23:03', '127.0.0.1', '22'), ('202', 'Поиск', '2014-12-04 17:23:11', '127.0.0.1', '22'), ('203', 'Поиск', '2014-12-04 17:23:12', '127.0.0.1', '22'), ('204', 'Поиск', '2014-12-04 17:23:27', '127.0.0.1', '22'), ('205', 'Поиск', '2014-12-04 17:26:01', '127.0.0.1', '22'), ('206', 'Поиск', '2014-12-04 17:27:02', '127.0.0.1', '22'), ('207', 'Поиск', '2014-12-04 17:29:11', '127.0.0.1', '22'), ('208', 'Поиск', '2014-12-04 17:30:00', '127.0.0.1', '22'), ('209', 'Поиск', '2014-12-04 17:34:37', '127.0.0.1', '22'), ('210', 'крем', '2014-12-04 17:34:46', '127.0.0.1', '22'), ('211', 'крем', '2014-12-04 17:36:20', '127.0.0.1', '22'), ('212', 'крем', '2014-12-04 17:37:45', '127.0.0.1', '22'), ('213', 'крем', '2014-12-04 17:37:46', '127.0.0.1', '22'), ('214', 'крем', '2014-12-04 17:38:00', '127.0.0.1', '22'), ('215', 'крем', '2014-12-04 17:38:02', '127.0.0.1', '22'), ('216', 'крем', '2014-12-04 17:38:53', '127.0.0.1', '22'), ('217', 'крем', '2014-12-04 17:39:06', '127.0.0.1', '22');
COMMIT;

-- ----------------------------
--  Table structure for `slider_slider`
-- ----------------------------
DROP TABLE IF EXISTS `slider_slider`;
CREATE TABLE `slider_slider` (
  `id` int(11) NOT NULL AUTO_INCREMENT,
  `image` varchar(100) NOT NULL,
  `product_id` int(11) NOT NULL,
  PRIMARY KEY (`id`),
  KEY `slider_slider_bb420c12` (`product_id`),
  CONSTRAINT `product_id_refs_id_2e076718898d693` FOREIGN KEY (`product_id`) REFERENCES `products` (`id`)
) ENGINE=InnoDB DEFAULT CHARSET=utf8;

-- ----------------------------
--  Table structure for `south_migrationhistory`
-- ----------------------------
DROP TABLE IF EXISTS `south_migrationhistory`;
CREATE TABLE `south_migrationhistory` (
  `id` int(11) NOT NULL AUTO_INCREMENT,
  `app_name` varchar(255) NOT NULL,
  `migration` varchar(255) NOT NULL,
  `applied` datetime NOT NULL,
  PRIMARY KEY (`id`)
) ENGINE=InnoDB AUTO_INCREMENT=89 DEFAULT CHARSET=utf8;

-- ----------------------------
--  Records of `south_migrationhistory`
-- ----------------------------
BEGIN;
INSERT INTO `south_migrationhistory` VALUES ('1', 'menu', '0001_initial', '2014-10-29 18:40:23'), ('2', 'dashboard', '0001_initial', '2014-10-29 18:40:23'), ('3', 'dashboard', '0002_auto__add_field_dashboardpreferences_dashboard_id', '2014-10-29 18:40:23'), ('4', 'dashboard', '0003_auto__add_unique_dashboardpreferences_dashboard_id_user', '2014-10-29 18:40:23'), ('5', 'catalog', '0001_initial', '2014-10-29 18:40:24'), ('6', 'accounts', '0001_initial', '2014-10-29 18:40:24'), ('7', 'checkout', '0001_initial', '2014-10-29 18:40:24'), ('8', 'checkout', '0002_auto__del_field_orderoneclick_product', '2014-10-29 18:40:24'), ('9', 'checkout', '0003_auto__add_field_orderoneclick_product', '2014-10-29 18:40:24'), ('10', 'checkout', '0004_auto__del_field_orderoneclick_product', '2014-10-29 18:40:24'), ('11', 'checkout', '0005_auto__add_field_orderoneclick_product_name', '2014-10-29 18:40:24'), ('12', 'checkout', '0006_auto__del_field_order_shipping_zip', '2014-10-29 18:40:24'), ('13', 'checkout', '0007_auto__del_field_order_shipping_address_2__del_field_order_shipping_cou', '2014-10-29 18:40:25'), ('14', 'checkout', '0008_auto__add_field_order_shipping_address_2', '2014-10-29 18:40:25'), ('15', 'checkout', '0009_auto__add_field_order_shipping_country__add_field_order_shipping_zip', '2014-10-29 18:40:25'), ('16', 'slider', '0001_initial', '2014-10-29 18:40:25'), ('17', 'pages', '0001_initial', '2014-10-29 18:40:25'), ('18', 'pages', '0002_auto__add_field_page_is_main', '2014-10-29 18:40:25'), ('19', 'pages', '0003_auto__del_field_page_checkbox__add_field_page_menu_select', '2014-10-29 18:40:25'), ('20', 'catalog', '0002_auto__add_cupon', '2014-10-29 22:01:40'), ('21', 'cart', '0001_initial', '2014-10-29 22:11:35'), ('22', 'cart', '0002_auto__add_field_cartitem_cupon', '2014-10-29 22:15:30'), ('23', 'robokassa', '0001_initial', '2014-10-30 11:08:30'), ('24', 'robokassa', '0002_update_to_14', '2014-10-30 11:08:30'), ('25', 'catalog', '0003_auto__chg_field_giftprice_price', '2014-10-31 11:48:08'), ('26', 'catalog', '0004_auto__del_field_product_gift', '2014-10-31 12:31:53'), ('27', 'catalog', '0005_auto__add_field_giftprice_product', '2014-10-31 12:35:54'), ('28', 'catalog', '0006_auto__add_field_giftprice_name', '2014-10-31 12:40:27'), ('29', 'catalog', '0007_auto__add_field_product_weight__del_field_giftprice_product', '2014-10-31 18:34:49'), ('30', 'catalog', '0008_auto__add_field_giftprice_image', '2014-10-31 18:44:38'), ('31', 'catalog', '0009_auto__add_field_giftprice_description', '2014-10-31 19:01:12'), ('32', 'catalog', '0010_auto__add_field_giftprice_weight', '2014-10-31 19:28:18'), ('33', 'catalog', '0011_auto__add_brandname__del_field_product_brand__add_field_product_brand_', '2014-10-31 20:15:06'), ('34', 'pages', '0004_auto__add_review', '2014-11-01 01:22:56'), ('35', 'pages', '0005_auto__add_blog__del_field_page_menu_select', '2014-11-01 02:36:02'), ('36', 'checkout', '0010_auto__add_field_order_payment_method', '2014-11-01 18:07:17'), ('37', 'checkout', '0011_auto__del_orderoneclick__add_field_order_cupon', '2014-11-03 00:51:09'), ('38', 'checkout', '0012_auto__add_orderoneclick', '2014-11-03 00:52:34'), ('39', 'checkout', '0013_auto__add_delivery__add_field_order_delivery__chg_field_order_cupon', '2014-11-04 17:28:26'), ('40', 'checkout', '0014_auto__add_field_delivery_cart_id_delivery', '2014-11-04 19:05:54'), ('41', 'checkout', '0015_auto__chg_field_order_delivery__del_unique_order_delivery', '2014-11-06 03:33:30'), ('42', 'checkout', '0016_auto__add_field_delivery_gift', '2014-11-06 04:41:26'), ('43', 'catalog', '0012_auto__add_field_product_is_new', '2014-11-16 22:09:04'), ('44', 'catalog', '0013_auto__add_field_product_categories', '2014-11-24 20:49:53'), ('45', 'catalog', '0014_auto__add_field_product_volume', '2014-11-24 21:21:21'), ('46', 'catalog', '0015_auto__chg_field_product_brand_name', '2014-11-24 22:08:58'), ('47', 'catalog', '0016_auto__del_field_product_feel', '2014-11-24 22:15:18'), ('48', 'cart', '0003_auto__add_field_cartitem_feel', '2014-11-29 02:09:16'), ('49', 'cart', '0004_auto__chg_field_cartitem_feel', '2014-11-29 02:37:34'), ('50', 'checkout', '0017_auto__add_field_orderitem_feel', '2014-11-29 14:58:00'), ('51', 'checkout', '0018_auto__chg_field_orderitem_feel', '2014-11-29 14:59:35'), ('52', 'catalog', '0017_auto__add_productvolume', '2014-11-29 17:17:40'), ('53', 'catalog', '0018_auto__del_productvolume', '2014-11-29 17:25:02'), ('54', 'catalog', '0019_auto__add_productvolume', '2014-11-29 17:25:23'), ('55', 'catalog', '0020_auto__add_field_productvolume_default', '2014-11-29 17:58:05'), ('56', 'cart', '0005_auto__add_field_cartitem_arts', '2014-11-29 20:56:27'), ('57', 'cart', '0006_auto__del_field_cartitem_arts__add_field_cartitem_atrsibutes', '2014-11-29 20:57:18'), ('58', 'checkout', '0018_auto__add_field_orderitem_atributes', '2014-11-29 21:54:34'), ('59', 'cart', '0007_auto__del_field_cartitem_atrsibutes__add_field_cartitem_atributes', '2014-11-29 21:56:35'), ('60', 'catalog', '0021_auto__del_field_product_volume__del_field_product_weight__del_field_pr', '2014-11-29 22:49:09'), ('61', 'catalog', '0022_auto__add_field_productimage_new_image', '2014-12-01 22:51:58'), ('62', 'catalog', '0023_auto__chg_field_productimage_new_image', '2014-12-02 08:47:37'), ('63', 'easy_thumbnails', '0001_initial', '2014-12-02 10:40:09'), ('64', 'easy_thumbnails', '0002_filename_indexes', '2014-12-02 10:40:09'), ('65', 'easy_thumbnails', '0003_auto__add_storagenew', '2014-12-02 10:40:10'), ('66', 'easy_thumbnails', '0004_auto__add_field_source_storage_new__add_field_thumbnail_storage_new', '2014-12-02 10:40:10'), ('67', 'easy_thumbnails', '0005_storage_fks_null', '2014-12-02 10:40:10'), ('68', 'easy_thumbnails', '0006_copy_storage', '2014-12-02 10:40:10'), ('69', 'easy_thumbnails', '0007_storagenew_fks_not_null', '2014-12-02 10:40:10'), ('70', 'easy_thumbnails', '0008_auto__del_field_source_storage__del_field_thumbnail_storage', '2014-12-02 10:40:11'), ('71', 'easy_thumbnails', '0009_auto__del_storage', '2014-12-02 10:40:11'), ('72', 'easy_thumbnails', '0010_rename_storage', '2014-12-02 10:40:11'), ('73', 'easy_thumbnails', '0011_auto__add_field_source_storage_hash__add_field_thumbnail_storage_hash', '2014-12-02 10:40:11'), ('74', 'easy_thumbnails', '0012_build_storage_hashes', '2014-12-02 10:40:11'), ('75', 'easy_thumbnails', '0013_auto__del_storage__del_field_source_storage__del_field_thumbnail_stora', '2014-12-02 10:40:11'), ('76', 'easy_thumbnails', '0014_auto__add_unique_source_name_storage_hash__add_unique_thumbnail_name_s', '2014-12-02 10:40:11'), ('77', 'easy_thumbnails', '0015_auto__del_unique_thumbnail_name_storage_hash__add_unique_thumbnail_sou', '2014-12-02 10:40:11'), ('78', 'easy_thumbnails', '0016_auto__add_thumbnaildimensions', '2014-12-02 10:40:11'), ('79', 'catalog', '0024_auto__add_field_productimage_cropping', '2014-12-02 10:48:22'), ('80', 'catalog', '0025_auto__del_field_productimage_cropping', '2014-12-02 10:48:22'), ('81', 'catalog', '0026_auto__add_field_productimage_cropping', '2014-12-02 10:53:34'), ('82', 'catalog', '0027_auto__del_field_productimage_new_image', '2014-12-02 12:52:14'), ('83', 'catalog', '0028_auto__del_field_productimage_cropping', '2014-12-02 13:08:09'), ('84', 'catalog', '0029_auto__chg_field_giftprice_description', '2014-12-02 22:47:15'), ('85', 'pages', '0006_auto__chg_field_page_text__chg_field_review_review__chg_field_blog_tex', '2014-12-02 22:48:08'), ('86', 'pages', '0007_auto__chg_field_page_text', '2014-12-02 22:51:40'), ('87', 'pages', '0008_auto__chg_field_page_text', '2014-12-02 23:43:12'), ('88', 'pages', '0009_auto__chg_field_page_text', '2014-12-03 00:13:10');
COMMIT;

-- ----------------------------
--  Table structure for `thumbnail_kvstore`
-- ----------------------------
DROP TABLE IF EXISTS `thumbnail_kvstore`;
CREATE TABLE `thumbnail_kvstore` (
  `key` varchar(200) NOT NULL,
  `value` longtext NOT NULL,
  PRIMARY KEY (`key`)
) ENGINE=InnoDB DEFAULT CHARSET=utf8;

-- ----------------------------
--  Records of `thumbnail_kvstore`
-- ----------------------------
BEGIN;
INSERT INTO `thumbnail_kvstore` VALUES ('sorl-thumbnail||image||03fad177fe8fe542ad4ff1c48edaa38f', '{\"storage\": \"django.core.files.storage.FileSystemStorage\", \"name\": \"products/images/Vtoroe_foto.png\", \"size\": [614, 125]}'), ('sorl-thumbnail||image||04e4bf04f9a4e470154ba0122fc3895a', '{\"storage\": \"django.core.files.storage.FileSystemStorage\", \"name\": \"cache/7a/95/7a9583271d84595d250a68d5144f4b58.jpg\", \"size\": [100, 100]}'), ('sorl-thumbnail||image||0516be1118c9cadcae96f0a5b11ae6df', '{\"storage\": \"django.core.files.storage.FileSystemStorage\", \"name\": \"cache/63/a8/63a868ce4f27ba203e43c57fe7b2886b.jpg\", \"size\": [300, 300]}'), ('sorl-thumbnail||image||05ea4381ca708c3514bc0396e8b85b46', '{\"storage\": \"django.core.files.storage.FileSystemStorage\", \"name\": \"cache/3b/87/3b878fa543f839dd3edc15e68d98028d.jpg\", \"size\": [300, 300]}'), ('sorl-thumbnail||image||06eb626546e9824446e8dd7ae2e672b0', '{\"storage\": \"django.core.files.storage.FileSystemStorage\", \"name\": \"cache/72/94/72940680bd6afaf97c83e5c84b224a0c.jpg\", \"size\": [100, 100]}'), ('sorl-thumbnail||image||06fc2e6693d53fc85a014176cd659bd1', '{\"storage\": \"django.core.files.storage.FileSystemStorage\", \"name\": \"cache/8f/03/8f03bd6067e8a4e637b79a1c96ca0a37.jpg\", \"size\": [147, 300]}'), ('sorl-thumbnail||image||072964ce5be67aa23b419ad4e24e2697', '{\"storage\": \"django.core.files.storage.FileSystemStorage\", \"name\": \"cache/47/50/47504d17d389c01e57fd788ea8a7aab5.jpg\", \"size\": [300, 169]}'), ('sorl-thumbnail||image||07dc791b2b223121758fd124ac8c6d46', '{\"storage\": \"django.core.files.storage.FileSystemStorage\", \"name\": \"products/images/Osnovnaia_8.jpg\", \"size\": [570, 960]}'), ('sorl-thumbnail||image||082b91614a0fc00ddf31564723fce23f', '{\"storage\": \"django.core.files.storage.FileSystemStorage\", \"name\": \"cache/bf/d4/bfd4b1bff088b887105ce5b13c7d8aad.jpg\", \"size\": [200, 200]}'), ('sorl-thumbnail||image||091e45d56b76d55b835e42d8b0b0b4d4', '{\"storage\": \"django.core.files.storage.FileSystemStorage\", \"name\": \"cache/d8/d2/d8d2b82b6b85c3f4a50f2d9973caaff3.jpg\", \"size\": [300, 300]}'), ('sorl-thumbnail||image||09d2e801fa24814d5a78d8e3de8dcb43', '{\"storage\": \"django.core.files.storage.FileSystemStorage\", \"name\": \"cache/e9/41/e9415fab1f8ed4a3f93cdb16678e654e.jpg\", \"size\": [283, 600]}'), ('sorl-thumbnail||image||0aee2cbfe62b37f506030386b537e4d6', '{\"storage\": \"django.core.files.storage.FileSystemStorage\", \"name\": \"cache/5b/e2/5be27cf0bce78e391116bc982ac471dd.jpg\", \"size\": [100, 100]}'), ('sorl-thumbnail||image||0d1fd5629aef61ae9573df2d481f7c6a', '{\"storage\": \"django.core.files.storage.FileSystemStorage\", \"name\": \"cache/ac/ff/acff1f04477706b9518106cab431d84d.jpg\", \"size\": [300, 300]}'), ('sorl-thumbnail||image||104320ca05b30e649c1ddf85a4e08d34', '{\"storage\": \"django.core.files.storage.FileSystemStorage\", \"name\": \"cache/ec/aa/ecaa1cfa3428d91cf7682a3f6819f8e0.jpg\", \"size\": [200, 200]}'), ('sorl-thumbnail||image||108c9297d5008dc553c977c1724d39d5', '{\"storage\": \"django.core.files.storage.FileSystemStorage\", \"name\": \"cache/c6/a6/c6a60deada470a42ef8c05a2bdb83b61.jpg\", \"size\": [100, 100]}'), ('sorl-thumbnail||image||1346fc778620b5238c2ffd5592ed4b65', '{\"storage\": \"django.core.files.storage.FileSystemStorage\", \"name\": \"gifts/images/gift.jpg\", \"size\": [698, 500]}'), ('sorl-thumbnail||image||1568e29697f7bd7f56a9d52b8c7d68d2', '{\"storage\": \"django.core.files.storage.FileSystemStorage\", \"name\": \"cache/4b/e1/4be1647558577fcfacf73d7c002839b8.jpg\", \"size\": [100, 100]}'), ('sorl-thumbnail||image||16256fdf76055762973cdc9c348a5f55', '{\"storage\": \"django.core.files.storage.FileSystemStorage\", \"name\": \"products/images/Tretie_foto.jpg\", \"size\": [600, 600]}'), ('sorl-thumbnail||image||17a46d6fabeea8cc71168776723cd5d5', '{\"storage\": \"django.core.files.storage.FileSystemStorage\", \"name\": \"cache/1c/42/1c428d831ec7f8560088986ef95ebd7f.jpg\", \"size\": [225, 300]}'), ('sorl-thumbnail||image||17b9529deb61bae64389950ba2ff6b8f', '{\"storage\": \"django.core.files.storage.FileSystemStorage\", \"name\": \"cache/e3/0d/e30d25349ab265ee5da25e28cde6529d.jpg\", \"size\": [200, 200]}'), ('sorl-thumbnail||image||193bb2b6f7b1840b26ddadfda100748d', '{\"storage\": \"django.core.files.storage.FileSystemStorage\", \"name\": \"cache/62/84/628452152d690603e3b273e44aaa903f.jpg\", \"size\": [200, 200]}'), ('sorl-thumbnail||image||1ac6d7d0caf256540ae2ab4b59c14cfc', '{\"storage\": \"django.core.files.storage.FileSystemStorage\", \"name\": \"cache/46/0c/460c240af2c305b782ab04ec8fd4ccb4.jpg\", \"size\": [50, 50]}'), ('sorl-thumbnail||image||1d9dbbbf0cfa7d05c57e26a8e67333d2', '{\"storage\": \"django.core.files.storage.FileSystemStorage\", \"name\": \"cache/dc/66/dc66398057f4913f65b3c11f4d2cd3c3.jpg\", \"size\": [300, 300]}'), ('sorl-thumbnail||image||1da513b44a54c3c26617f70d203dfcc5', '{\"storage\": \"django.core.files.storage.FileSystemStorage\", \"name\": \"products/images/k8_1.jpg\", \"size\": [1500, 1000]}'), ('sorl-thumbnail||image||1e0b85e4a7760ee919993485ca1aa747', '{\"storage\": \"django.core.files.storage.FileSystemStorage\", \"name\": \"cache/7c/25/7c251d0a9446b9d6cd14316fbdd65985.jpg\", \"size\": [300, 300]}'), ('sorl-thumbnail||image||1ed1d44f1fa0d1132cb631320ea5fe76', '{\"storage\": \"django.core.files.storage.FileSystemStorage\", \"name\": \"cache/00/bf/00bf186457efc518a6e4c1d8d5bc85ce.jpg\", \"size\": [300, 300]}'), ('sorl-thumbnail||image||1f5e461f4c8ef9ec08c97055a8211d56', '{\"storage\": \"django.core.files.storage.FileSystemStorage\", \"name\": \"cache/53/3c/533cd04182fd19bb6b314d86b5fff7bd.jpg\", \"size\": [200, 200]}'), ('sorl-thumbnail||image||20d7b0c8e09a2ba61a60d16a26a0072c', '{\"storage\": \"django.core.files.storage.FileSystemStorage\", \"name\": \"cache/5b/ec/5becc29451a111053c077930e8da2a40.jpg\", \"size\": [300, 300]}'), ('sorl-thumbnail||image||21a29f70507c85e147f403ab0f6b13d7', '{\"storage\": \"django.core.files.storage.FileSystemStorage\", \"name\": \"cache/bc/05/bc0524fba81e75c90a2e19be16446e9d.jpg\", \"size\": [50, 50]}'), ('sorl-thumbnail||image||21a4cf920fb89ebf6889599e56782428', '{\"storage\": \"django.core.files.storage.FileSystemStorage\", \"name\": \"products/images/Opisanie.jpg\", \"size\": [780, 1302]}'), ('sorl-thumbnail||image||21cf9af4e7b38fb6e2eb905684d2112b', '{\"storage\": \"django.core.files.storage.FileSystemStorage\", \"name\": \"products/images/Osnovnaia_4.jpg\", \"size\": [640, 590]}'), ('sorl-thumbnail||image||251b941f45b28dd220ea0ff9a6b35067', '{\"storage\": \"django.core.files.storage.FileSystemStorage\", \"name\": \"products/images/Osnovnaia_7.jpg\", \"size\": [828, 1326]}'), ('sorl-thumbnail||image||2a087d87f5173169b7ccf10123e8a18e', '{\"storage\": \"django.core.files.storage.FileSystemStorage\", \"name\": \"products/images/Osnovnaia_2.jpg\", \"size\": [380, 320]}'), ('sorl-thumbnail||image||2ae2837e71182be05635c4a6d50b7c1c', '{\"storage\": \"django.core.files.storage.FileSystemStorage\", \"name\": \"products/images/shop.png\", \"size\": [512, 512]}'), ('sorl-thumbnail||image||2b749e4d9cdfde470fce6f210fb5e7c3', '{\"storage\": \"django.core.files.storage.FileSystemStorage\", \"name\": \"products/images/celebnie.png\", \"size\": [200, 200]}'), ('sorl-thumbnail||image||2e209acace60f2d2449d80b169a7dd6d', '{\"storage\": \"django.core.files.storage.FileSystemStorage\", \"name\": \"cache/06/b5/06b51685a754fb1167342ea550373d25.jpg\", \"size\": [300, 300]}'), ('sorl-thumbnail||image||2f07e62019b3ae71f909741b33124d0e', '{\"storage\": \"django.core.files.storage.FileSystemStorage\", \"name\": \"cache/b3/fa/b3fa7ca375dfe83896aff7574e6210b1.jpg\", \"size\": [100, 100]}'), ('sorl-thumbnail||image||31e6533ccd3175545a09ad0b56194318', '{\"storage\": \"django.core.files.storage.FileSystemStorage\", \"name\": \"cache/99/87/9987490accabdc795c778804fa0adb01.jpg\", \"size\": [200, 200]}'), ('sorl-thumbnail||image||350c61200e4d4d3bcf8b24b8a4f278a9', '{\"storage\": \"django.core.files.storage.FileSystemStorage\", \"name\": \"cache/f3/e2/f3e2706f2428175a40d4e625c69d092c.jpg\", \"size\": [300, 300]}'), ('sorl-thumbnail||image||379a1e38f5d0f923e409fbcf19dc5a8e', '{\"storage\": \"django.core.files.storage.FileSystemStorage\", \"name\": \"cache/29/bd/29bd00a658789d7fc66965bb6ad1943b.jpg\", \"size\": [300, 300]}'), ('sorl-thumbnail||image||37eb350c63c77d927ec59d31a736aaef', '{\"storage\": \"django.core.files.storage.FileSystemStorage\", \"name\": \"cache/bb/a5/bba5ae78d64ce0186009d5d040e2a507.jpg\", \"size\": [100, 100]}'), ('sorl-thumbnail||image||3892740c80ea29984dbec99e1cbafdf8', '{\"storage\": \"django.core.files.storage.FileSystemStorage\", \"name\": \"cache/7f/2d/7f2de2d25732e9b395942031a358fef0.jpg\", \"size\": [200, 200]}'), ('sorl-thumbnail||image||395c2b247063c15ad908b669417604a5', '{\"storage\": \"django.core.files.storage.FileSystemStorage\", \"name\": \"cache/09/65/096577ce5893f8c4ea107abd4edb6e93.jpg\", \"size\": [300, 205]}'), ('sorl-thumbnail||image||3a8494a2133eda459ca1119a4a529bda', '{\"storage\": \"django.core.files.storage.FileSystemStorage\", \"name\": \"cache/96/09/9609ab495bfadc64197714427b177878.jpg\", \"size\": [300, 300]}'), ('sorl-thumbnail||image||3b2fdacadb262d24376b1276a4bd2bdf', '{\"storage\": \"django.core.files.storage.FileSystemStorage\", \"name\": \"products/images/Osnovnaia_6.jpg\", \"size\": [800, 1067]}'), ('sorl-thumbnail||image||3ba6c9bf91775947ca4624eef73a03e1', '{\"storage\": \"django.core.files.storage.FileSystemStorage\", \"name\": \"cache/6a/a9/6aa983f86e2dc0b1b1cfe6d839895374.jpg\", \"size\": [100, 100]}'), ('sorl-thumbnail||image||3e4cf0cac65ee6519fe24cbb61563804', '{\"storage\": \"django.core.files.storage.FileSystemStorage\", \"name\": \"cache/4d/16/4d166b908457db16032279e071ded948.jpg\", \"size\": [100, 100]}'), ('sorl-thumbnail||image||3f61b157179a6665dd2a6e51b1e5903f', '{\"storage\": \"django.core.files.storage.FileSystemStorage\", \"name\": \"cache/8f/4d/8f4d8eb8f82e3ebfe7c15618668c516a.jpg\", \"size\": [47, 100]}'), ('sorl-thumbnail||image||3ffcee39b9ea1ae0833f4b774f55d54c', '{\"storage\": \"django.core.files.storage.FileSystemStorage\", \"name\": \"cache/d3/dc/d3dc3cde51a14eae0fefa2be2492cbe0.jpg\", \"size\": [200, 200]}'), ('sorl-thumbnail||image||406ba832cf91194a1c631b7d4ea8cfb9', '{\"storage\": \"django.core.files.storage.FileSystemStorage\", \"name\": \"cache/f7/a7/f7a7b0a75a01a33e4373a58d45036053.jpg\", \"size\": [300, 300]}'), ('sorl-thumbnail||image||41b9a3b722f73f29f1c501b56966d9ca', '{\"storage\": \"django.core.files.storage.FileSystemStorage\", \"name\": \"products/images/Osnovnaia2.png\", \"size\": [380, 320]}'), ('sorl-thumbnail||image||428b75665028f9123857851db0139a37', '{\"storage\": \"django.core.files.storage.FileSystemStorage\", \"name\": \"cache/53/e0/53e056119fbc9d58f9915eb4dc31d0ce.jpg\", \"size\": [300, 300]}'), ('sorl-thumbnail||image||42ebd81eb8a54d041fab03c9144fe69d', '{\"storage\": \"django.core.files.storage.FileSystemStorage\", \"name\": \"cache/b2/34/b2343b1aec3903c889a817d37a50db9c.jpg\", \"size\": [142, 300]}'), ('sorl-thumbnail||image||44e1605915aa6522022ae771bc0f2e57', '{\"storage\": \"django.core.files.storage.FileSystemStorage\", \"name\": \"cache/65/30/6530f377ae899b6a1281cacf0c6de7d1.jpg\", \"size\": [300, 300]}'), ('sorl-thumbnail||image||44f025833bbbdc17ce8898117d2683fb', '{\"storage\": \"django.core.files.storage.FileSystemStorage\", \"name\": \"cache/17/c1/17c1371e321d919aa07ed64b08d6a05b.jpg\", \"size\": [300, 300]}'), ('sorl-thumbnail||image||48799e69f594b8fcecd471a401855a4b', '{\"storage\": \"django.core.files.storage.FileSystemStorage\", \"name\": \"cache/f1/20/f1203b5ea64aed4ed25e25fd11fc29ee.jpg\", \"size\": [300, 300]}'), ('sorl-thumbnail||image||48a6aabd6f4a70843c95a2c0783756a5', '{\"storage\": \"django.core.files.storage.FileSystemStorage\", \"name\": \"cache/25/66/256637e5b2c1e1899128661250b4cce7.jpg\", \"size\": [300, 188]}'), ('sorl-thumbnail||image||49982b2682e522897bf2114e22383137', '{\"storage\": \"django.core.files.storage.FileSystemStorage\", \"name\": \"cache/e4/e7/e4e753035aeac1367b47c19da6ea70e8.jpg\", \"size\": [300, 300]}'), ('sorl-thumbnail||image||4a836a93a261024e5d34c4e754502a67', '{\"storage\": \"django.core.files.storage.FileSystemStorage\", \"name\": \"cache/01/2c/012c8662a47e33074c48bbc581004393.jpg\", \"size\": [200, 200]}'), ('sorl-thumbnail||image||4c6490f3904269a36c6a807a0e8f8170', '{\"storage\": \"django.core.files.storage.FileSystemStorage\", \"name\": \"cache/3c/35/3c357082d63f659366799a8412a64104.jpg\", \"size\": [200, 200]}'), ('sorl-thumbnail||image||4cc3f565c048f62dc8be6d42cbb0dd95', '{\"storage\": \"django.core.files.storage.FileSystemStorage\", \"name\": \"cache/f8/0e/f80eb488217cd38df9e2555b96d16d75.jpg\", \"size\": [300, 300]}'), ('sorl-thumbnail||image||4ce1b8d74984a9ef190f2c50d0cf3d49', '{\"storage\": \"django.core.files.storage.FileSystemStorage\", \"name\": \"cache/84/55/84552dc2f21e2232fb6d3cf0b6459e14.jpg\", \"size\": [100, 54]}'), ('sorl-thumbnail||image||4dd7ae5e47831b6944dc6a0fbe375abd', '{\"storage\": \"django.core.files.storage.FileSystemStorage\", \"name\": \"products/images/Osnovnaia_5.jpg\", \"size\": [612, 1536]}'), ('sorl-thumbnail||image||4e355ddd73c67e494ce3c6b36664f681', '{\"storage\": \"django.core.files.storage.FileSystemStorage\", \"name\": \"cache/25/2a/252afe8164a6041da925248e057a9e8f.jpg\", \"size\": [200, 200]}'), ('sorl-thumbnail||image||4fbfb38e2ad048d1471ef58227f3ce14', '{\"storage\": \"django.core.files.storage.FileSystemStorage\", \"name\": \"cache/35/f6/35f6fac4900581a3529523f2a2b1f00c.jpg\", \"size\": [300, 300]}'), ('sorl-thumbnail||image||4ff34c7a64d4d1f06ce2c68f5ad1f606', '{\"storage\": \"django.core.files.storage.FileSystemStorage\", \"name\": \"cache/74/f9/74f97e021915ed0b58636467737a24fd.jpg\", \"size\": [300, 161]}'), ('sorl-thumbnail||image||5048248cc7ffd7c37fd9a3cf73f14ffb', '{\"storage\": \"django.core.files.storage.FileSystemStorage\", \"name\": \"cache/62/0a/620aa95e9606e36cc3a403e05f1572b3.jpg\", \"size\": [300, 300]}'), ('sorl-thumbnail||image||518289229067c59c35edd4f9a234b00d', '{\"storage\": \"django.core.files.storage.FileSystemStorage\", \"name\": \"cache/32/09/3209c7e86a036fae495b22741ecd398b.jpg\", \"size\": [100, 100]}'), ('sorl-thumbnail||image||518783058f4b3e4f131f1d95dfdad9b3', '{\"storage\": \"django.core.files.storage.FileSystemStorage\", \"name\": \"cache/32/04/32049ce3b130a91d58c117b8f6828171.jpg\", \"size\": [300, 300]}'), ('sorl-thumbnail||image||523b344dd371a5ed69b6587285e140bb', '{\"storage\": \"django.core.files.storage.FileSystemStorage\", \"name\": \"cache/4d/5f/4d5f1772e1d2e64b4ac985f06936a6cf.jpg\", \"size\": [300, 300]}'), ('sorl-thumbnail||image||5536d4125a73d98685c69a34ad9ebb9d', '{\"storage\": \"django.core.files.storage.FileSystemStorage\", \"name\": \"cache/ac/e6/ace671079d238af3fb4c33ff8046c97d.jpg\", \"size\": [300, 300]}'), ('sorl-thumbnail||image||5698d76685d13cc049d7ff56140905fb', '{\"storage\": \"django.core.files.storage.FileSystemStorage\", \"name\": \"cache/40/66/4066e4721f67aff1df35271757d3b66d.jpg\", \"size\": [300, 175]}'), ('sorl-thumbnail||image||57581ff82e2e26c65fa83d9ca86797ad', '{\"storage\": \"django.core.files.storage.FileSystemStorage\", \"name\": \"cache/c8/7b/c87bb1015f777d74c103d12b979b1df3.jpg\", \"size\": [50, 50]}'), ('sorl-thumbnail||image||5795adfdbc8bcc35415c250bf265ec60', '{\"storage\": \"django.core.files.storage.FileSystemStorage\", \"name\": \"cache/52/71/52719e835a964e65436aa655275f9c5a.jpg\", \"size\": [600, 321]}'), ('sorl-thumbnail||image||5c7dc5e8f03f75bfe129970af2674539', '{\"storage\": \"django.core.files.storage.FileSystemStorage\", \"name\": \"cache/3f/36/3f366e839efac29558404f94f804f373.jpg\", \"size\": [300, 161]}'), ('sorl-thumbnail||image||5da1ae09b5930fe7e70203e8a3a8641f', '{\"storage\": \"django.core.files.storage.FileSystemStorage\", \"name\": \"cache/87/02/8702037a09e59786f885745cc5f66b67.jpg\", \"size\": [200, 200]}'), ('sorl-thumbnail||image||5dd0f1efa1f3fc653b2e6e82a9b59f4e', '{\"storage\": \"django.core.files.storage.FileSystemStorage\", \"name\": \"cache/9b/eb/9beb391e7c3dc05cbb5f12767ffaea34.jpg\", \"size\": [100, 50]}'), ('sorl-thumbnail||image||5dfc7b930aa480fa4dc6a7ac20883d04', '{\"storage\": \"django.core.files.storage.FileSystemStorage\", \"name\": \"products/images/52.jpg\", \"size\": [300, 300]}'), ('sorl-thumbnail||image||5fe02441e64ca22550e91bcd84026c05', '{\"storage\": \"django.core.files.storage.FileSystemStorage\", \"name\": \"cache/26/6e/266e540015af502281aac50396f75a4f.jpg\", \"size\": [200, 200]}'), ('sorl-thumbnail||image||5fe11f8b25ef9eb92475e0ea35c98425', '{\"storage\": \"django.core.files.storage.FileSystemStorage\", \"name\": \"cache/4a/21/4a21ec72b72539300680145a05ee3cce.jpg\", \"size\": [100, 100]}'), ('sorl-thumbnail||image||60b480ff343f07399138b5f140f1ece9', '{\"storage\": \"django.core.files.storage.FileSystemStorage\", \"name\": \"cache/ed/a8/eda8e092a094b485fe293881c65fb72a.jpg\", \"size\": [300, 300]}'), ('sorl-thumbnail||image||625db3684e07a6adb204b5319c97343a', '{\"storage\": \"django.core.files.storage.FileSystemStorage\", \"name\": \"gifts/images/gift_3.jpg\", \"size\": [698, 500]}'), ('sorl-thumbnail||image||62ea2ad6c8d8923b58b532ef19aeda00', '{\"storage\": \"django.core.files.storage.FileSystemStorage\", \"name\": \"cache/51/0e/510e94826d0eed9b51ee5c2dfcdca8f7.jpg\", \"size\": [300, 300]}'), ('sorl-thumbnail||image||6376e455afa906d32d8c061b764f4ae6', '{\"storage\": \"django.core.files.storage.FileSystemStorage\", \"name\": \"cache/42/76/42762dd33aaffc64aa6ea268bb946823.jpg\", \"size\": [300, 635]}'), ('sorl-thumbnail||image||659066808b490caeb9bf52faf2cfa7c4', '{\"storage\": \"django.core.files.storage.FileSystemStorage\", \"name\": \"cache/06/06/060697afe33c4f2e4536bdfac3b56650.jpg\", \"size\": [100, 100]}'), ('sorl-thumbnail||image||679ff4944a8f34953c7a5a3e5611a909', '{\"storage\": \"django.core.files.storage.FileSystemStorage\", \"name\": \"cache/ea/ec/eaec67aa854f9397d6fd9432bc0bd63a.jpg\", \"size\": [300, 300]}'), ('sorl-thumbnail||image||695d95b1b06b8f7ff7bd2f775ad1a639', '{\"storage\": \"django.core.files.storage.FileSystemStorage\", \"name\": \"cache/c1/c2/c1c2e7a49badfb3d014aed96931a8b67.jpg\", \"size\": [200, 200]}'), ('sorl-thumbnail||image||6bb4a290cb2ed827e624acbae13673e7', '{\"storage\": \"django.core.files.storage.FileSystemStorage\", \"name\": \"cache/4a/49/4a4981fbd767018868df88dec41d597a.jpg\", \"size\": [100, 100]}'), ('sorl-thumbnail||image||6c6e864e6973b581233294ebcbc6ac8f', '{\"storage\": \"django.core.files.storage.FileSystemStorage\", \"name\": \"cache/f2/5a/f25a2209f6adba30258fa0dce65b83ec.jpg\", \"size\": [200, 200]}'), ('sorl-thumbnail||image||6d9ab340aa726474b57b962033b2a283', '{\"storage\": \"django.core.files.storage.FileSystemStorage\", \"name\": \"products/images/lsdjkf3.jpg\", \"size\": [4553, 3112]}'), ('sorl-thumbnail||image||6ffe2ce4efee43f127d2ad9927351a70', '{\"storage\": \"django.core.files.storage.FileSystemStorage\", \"name\": \"products/images/1228155221_coliseum-rome-italy_1.jpg\", \"size\": [650, 487]}'), ('sorl-thumbnail||image||7034e5317bbecdc24e554fb6781e44c9', '{\"storage\": \"django.core.files.storage.FileSystemStorage\", \"name\": \"cache/d6/5b/d65b9756ad1bc98a7c3150e87da079be.jpg\", \"size\": [300, 300]}'), ('sorl-thumbnail||image||70ab9f2a0c229229c8a046e3cfcca7a3', '{\"storage\": \"django.core.files.storage.FileSystemStorage\", \"name\": \"cache/1b/65/1b652964c1bc75fdbc80f4f320e23e29.jpg\", \"size\": [200, 200]}'), ('sorl-thumbnail||image||726fd7d515342f7b6af01ff396e93998', '{\"storage\": \"django.core.files.storage.FileSystemStorage\", \"name\": \"cache/68/e9/68e9f417521a34a588708b5b7c515dc0.jpg\", \"size\": [300, 300]}'), ('sorl-thumbnail||image||72a843660b24133338a546df9b0a2f69', '{\"storage\": \"django.core.files.storage.FileSystemStorage\", \"name\": \"products/images/naturecosmetics.jpg\", \"size\": [453, 265]}'), ('sorl-thumbnail||image||7316a971dd498c00bf2a7cc955d3512b', '{\"storage\": \"django.core.files.storage.FileSystemStorage\", \"name\": \"cache/79/69/79696de50a57fdb659736852c53e026a.jpg\", \"size\": [100, 100]}'), ('sorl-thumbnail||image||74571faee3c48cef6bf2c90a4863689d', '{\"storage\": \"django.core.files.storage.FileSystemStorage\", \"name\": \"gifts/images/gift_1.jpg\", \"size\": [698, 500]}'), ('sorl-thumbnail||image||74b2099f51328d1db9f929ff5ab1cea4', '{\"storage\": \"django.core.files.storage.FileSystemStorage\", \"name\": \"cache/b2/54/b254fd590db0bd4b36811e83900241e8.jpg\", \"size\": [300, 300]}'), ('sorl-thumbnail||image||754fc2267630f8e413fe7cc05358b690', '{\"storage\": \"django.core.files.storage.FileSystemStorage\", \"name\": \"cache/51/a1/51a142e04f23020d5f1e4b5e9eff2036.jpg\", \"size\": [300, 300]}'), ('sorl-thumbnail||image||770fe93d15b5a2badc13597febcbacdd', '{\"storage\": \"django.core.files.storage.FileSystemStorage\", \"name\": \"cache/44/28/4428225867a89c981a62585b6048924a.jpg\", \"size\": [300, 300]}'), ('sorl-thumbnail||image||77f928a8a8ac848b8d9234814a005694', '{\"storage\": \"django.core.files.storage.FileSystemStorage\", \"name\": \"cache/11/ec/11ec1ecbe04d59dce9deb28ad10f438b.jpg\", \"size\": [300, 290]}'), ('sorl-thumbnail||image||78e1c568fb54800ba08da88552ccf909', '{\"storage\": \"django.core.files.storage.FileSystemStorage\", \"name\": \"cache/d4/17/d4172858a8dbe30ab1a4f5e61a90a65b.jpg\", \"size\": [300, 300]}'), ('sorl-thumbnail||image||798ef258bd7d5e3124801fb7ed29d836', '{\"storage\": \"django.core.files.storage.FileSystemStorage\", \"name\": \"cache/b9/3d/b93dcd3bfb1b93c8f895066390e146cd.jpg\", \"size\": [200, 200]}'), ('sorl-thumbnail||image||7a785ed3239a88912530ced883b17be8', '{\"storage\": \"django.core.files.storage.FileSystemStorage\", \"name\": \"cache/1b/04/1b0462353f9843c10899c9180194fd95.jpg\", \"size\": [300, 635]}'), ('sorl-thumbnail||image||7acf3d5a99864d0ba7759177dbde17c6', '{\"storage\": \"django.core.files.storage.FileSystemStorage\", \"name\": \"cache/f5/8f/f58fd50a3a166dee136833a06c5fa090.jpg\", \"size\": [561, 300]}'), ('sorl-thumbnail||image||7e45b96ef278ea6d94399f34fab1859b', '{\"storage\": \"django.core.files.storage.FileSystemStorage\", \"name\": \"products/images/Osnovnaia_9.jpg\", \"size\": [1000, 750]}'), ('sorl-thumbnail||image||7f64bf11740c6fe21d8ae98b65a2a576', '{\"storage\": \"django.core.files.storage.FileSystemStorage\", \"name\": \"cache/ed/fc/edfc71606209ed028535871a4375f593.jpg\", \"size\": [300, 300]}'), ('sorl-thumbnail||image||81cdcf9573d10a693252d140bd2deeb9', '{\"storage\": \"django.core.files.storage.FileSystemStorage\", \"name\": \"cache/78/d1/78d12d719619dd562886b8d69828c7fe.jpg\", \"size\": [200, 200]}'), ('sorl-thumbnail||image||836e3384e05ae5694e07d2ece8dec377', '{\"storage\": \"django.core.files.storage.FileSystemStorage\", \"name\": \"products/images/Osnovnaia_3.jpg\", \"size\": [500, 500]}'), ('sorl-thumbnail||image||8410cfeec20b59e35885a8f25663ee13', '{\"storage\": \"django.core.files.storage.FileSystemStorage\", \"name\": \"cache/d9/7a/d97a28f8491e66e345d09c1363268797.jpg\", \"size\": [300, 300]}'), ('sorl-thumbnail||image||8a30b7eff34d0ab4d7fa58edbd98495c', '{\"storage\": \"django.core.files.storage.FileSystemStorage\", \"name\": \"cache/76/17/7617ff87a791ffe0cc03e755bcd66557.jpg\", \"size\": [142, 300]}'), ('sorl-thumbnail||image||8e37e60c6dadaf24121889e76e04ddce', '{\"storage\": \"django.core.files.storage.FileSystemStorage\", \"name\": \"cache/76/ca/76caf1c2465fc55b458ca1141aec04c6.jpg\", \"size\": [300, 300]}'), ('sorl-thumbnail||image||90e5c4970d4a90c20ff74e0e36b90915', '{\"storage\": \"django.core.files.storage.FileSystemStorage\", \"name\": \"cache/c1/d5/c1d51e49a32a9c24a1c454b7ecf56b8e.jpg\", \"size\": [100, 100]}'), ('sorl-thumbnail||image||9437a9c691b8d226f6378f5426ebad04', '{\"storage\": \"django.core.files.storage.FileSystemStorage\", \"name\": \"cache/93/71/9371a24fab017d50666d8f4fca1f9394.jpg\", \"size\": [100, 100]}'), ('sorl-thumbnail||image||94662c6d82ed8f392cbb06206f57b3f9', '{\"storage\": \"django.core.files.storage.FileSystemStorage\", \"name\": \"cache/1d/59/1d596d25761c41f30cd3828b242eab62.jpg\", \"size\": [300, 61]}'), ('sorl-thumbnail||image||946b9f35a31c05a0b371c15b2999cb22', '{\"storage\": \"django.core.files.storage.FileSystemStorage\", \"name\": \"cache/ad/b5/adb5f3ad8eb1c56ffbcae34eecfe4956.jpg\", \"size\": [100, 100]}'), ('sorl-thumbnail||image||94c36d7dd51f51664870ff4370fa2dfa', '{\"storage\": \"django.core.files.storage.FileSystemStorage\", \"name\": \"cache/24/c1/24c1c2bbf458a3c75a58f857c69079f7.jpg\", \"size\": [300, 300]}'), ('sorl-thumbnail||image||95a668a14f71db72c792ca6cba01a0be', '{\"storage\": \"django.core.files.storage.FileSystemStorage\", \"name\": \"cache/b8/f9/b8f994193bbab1abaa656686d99f9aa2.jpg\", \"size\": [200, 200]}'), ('sorl-thumbnail||image||9720d410d616c9aed177a860b669bd9c', '{\"storage\": \"django.core.files.storage.FileSystemStorage\", \"name\": \"cache/62/68/6268a500b83b17bacbc812a23eda0676.jpg\", \"size\": [300, 300]}'), ('sorl-thumbnail||image||9768e1eaa44146141d4fab07cea58bd2', '{\"storage\": \"django.core.files.storage.FileSystemStorage\", \"name\": \"cache/b3/4f/b34feb9316cca9dbd02ba0321b1ac623.jpg\", \"size\": [200, 200]}'), ('sorl-thumbnail||image||9b2883a6431cc66c16aa4b9b10a13fc6', '{\"storage\": \"django.core.files.storage.FileSystemStorage\", \"name\": \"products/images/1407855312_viber.jpg\", \"size\": [400, 214]}'), ('sorl-thumbnail||image||9b863c23228efb048b6909748955af07', '{\"storage\": \"django.core.files.storage.FileSystemStorage\", \"name\": \"products/images/\\u041e\\u0441\\u043d\\u043e\\u0432\\u043d\\u0430\\u044f.jpg\", \"size\": [2448, 3264]}'), ('sorl-thumbnail||image||9bfab29a495ae06d01bf1d3d502202c3', '{\"storage\": \"django.core.files.storage.FileSystemStorage\", \"name\": \"cache/ad/e9/ade97b95656517c2171275fbe6553631.jpg\", \"size\": [50, 50]}'), ('sorl-thumbnail||image||9ee03f5f8db45eab407774c0ef15eecd', '{\"storage\": \"django.core.files.storage.FileSystemStorage\", \"name\": \"cache/ef/95/ef95333793893fd8bec1436fe3bdc4d6.jpg\", \"size\": [100, 100]}'), ('sorl-thumbnail||image||9f355182ec8b9447656b21a9c40d2af6', '{\"storage\": \"django.core.files.storage.FileSystemStorage\", \"name\": \"products/images/Osnovnaia_2.png\", \"size\": [380, 320]}'), ('sorl-thumbnail||image||a023e476bd1f919c944c3bf980deb744', '{\"storage\": \"django.core.files.storage.FileSystemStorage\", \"name\": \"cache/da/91/da9127bd4c8b00f36aa415e9631727be.jpg\", \"size\": [300, 300]}'), ('sorl-thumbnail||image||a1a49efc23cb028f51ce73954e035503', '{\"storage\": \"django.core.files.storage.FileSystemStorage\", \"name\": \"cache/64/7e/647e14158790f1c9650544b8dde97861.jpg\", \"size\": [200, 200]}'), ('sorl-thumbnail||image||a2e199c4bda9300b53b1e2e75f8bdd68', '{\"storage\": \"django.core.files.storage.FileSystemStorage\", \"name\": \"products/images/lsdjkf3_1.jpg\", \"size\": [4553, 3112]}'), ('sorl-thumbnail||image||a2ec2846aa2873a9c8da0ef789aafa5c', '{\"storage\": \"django.core.files.storage.FileSystemStorage\", \"name\": \"cache/c9/4b/c94b70e3024ccfff2d3d61693106876d.jpg\", \"size\": [200, 200]}'), ('sorl-thumbnail||image||a33dbd771cbec030bfc555554b35cb0e', '{\"storage\": \"django.core.files.storage.FileSystemStorage\", \"name\": \"cache/55/f2/55f29bbcbed0ddfd6e8496de5962221f.jpg\", \"size\": [200, 200]}'), ('sorl-thumbnail||image||a34383c6cae95acd1d471baf9a1185d4', '{\"storage\": \"django.core.files.storage.FileSystemStorage\", \"name\": \"cache/53/94/53942f2c7e4829dc3347ee6ba9a07422.jpg\", \"size\": [300, 300]}'), ('sorl-thumbnail||image||ab76ed43b125a193442e12ce9ead6143', '{\"storage\": \"django.core.files.storage.FileSystemStorage\", \"name\": \"cache/70/e9/70e98b81d6f98bc722c69f78436a0037.jpg\", \"size\": [300, 300]}'), ('sorl-thumbnail||image||abfa598369e47e0c5d6cccbf00f665cb', '{\"storage\": \"django.core.files.storage.FileSystemStorage\", \"name\": \"products/images/Osnovnaia.jpg\", \"size\": [231, 472]}'), ('sorl-thumbnail||image||acbf0b74ffdbbe6c7899235045af0207', '{\"storage\": \"django.core.files.storage.FileSystemStorage\", \"name\": \"products/images/Osnovnaia.png\", \"size\": [380, 320]}'), ('sorl-thumbnail||image||ad7a153bbf2da8b91a9f8d17e293e1cd', '{\"storage\": \"django.core.files.storage.FileSystemStorage\", \"name\": \"products/images/k8.jpg\", \"size\": [1500, 1000]}'), ('sorl-thumbnail||image||ae56d11d75236bf018aabd4a41c3ebdd', '{\"storage\": \"django.core.files.storage.FileSystemStorage\", \"name\": \"cache/b1/02/b102b45fdebefecb198a0b4acabc61a3.jpg\", \"size\": [300, 200]}'), ('sorl-thumbnail||image||ae79f8ca281360dd8a793fa2ab4718b6', '{\"storage\": \"django.core.files.storage.FileSystemStorage\", \"name\": \"cache/7b/5a/7b5a974fca119b008b753047a3c9fd06.jpg\", \"size\": [50, 50]}'), ('sorl-thumbnail||image||b1917ebdb8a3a258c1d85d507e1cebc1', '{\"storage\": \"django.core.files.storage.FileSystemStorage\", \"name\": \"cache/23/be/23be9236b79a1c8d9739867e5d4a2982.jpg\", \"size\": [100, 100]}'), ('sorl-thumbnail||image||b30592782ed56ae6f84f151678f69685', '{\"storage\": \"django.core.files.storage.FileSystemStorage\", \"name\": \"cache/75/53/75536c22d88dbe09c5ef536e9a8bf829.jpg\", \"size\": [300, 300]}'), ('sorl-thumbnail||image||b4eccf3b5fe819921d340d9b4a7a589f', '{\"storage\": \"django.core.files.storage.FileSystemStorage\", \"name\": \"cache/09/26/09262bdbc34fb79a06f9c23ca8496c20.jpg\", \"size\": [300, 300]}'), ('sorl-thumbnail||image||b5186555a3019a1942f3b5c0ce17c5de', '{\"storage\": \"django.core.files.storage.FileSystemStorage\", \"name\": \"gifts/images/gift_2.jpg\", \"size\": [698, 500]}'), ('sorl-thumbnail||image||b6596ad070827f0d36f36e3921739701', '{\"storage\": \"django.core.files.storage.FileSystemStorage\", \"name\": \"products/images/Vtoroe_foto_1.png\", \"size\": [614, 125]}'), ('sorl-thumbnail||image||b65a8e1cbab29dd3d9057e53c44c4b02', '{\"storage\": \"django.core.files.storage.FileSystemStorage\", \"name\": \"products/images/Osnovnaia_3.png\", \"size\": [300, 290]}'), ('sorl-thumbnail||image||b8ebb7ef165892df5d4b2b8d448c082d', '{\"storage\": \"django.core.files.storage.FileSystemStorage\", \"name\": \"cache/27/cc/27cca3ec4613514b1357d940d767b559.jpg\", \"size\": [100, 100]}'), ('sorl-thumbnail||image||b90faf92dd0a256bad1b0cf73ef475d9', '{\"storage\": \"django.core.files.storage.FileSystemStorage\", \"name\": \"cache/fa/da/fada14260a111e92e5f55ec028f0e871.jpg\", \"size\": [300, 300]}'), ('sorl-thumbnail||image||beb94b25df88c4c8e4d2fc91d6694901', '{\"storage\": \"django.core.files.storage.FileSystemStorage\", \"name\": \"products/images/lsdjkf3_2.jpg\", \"size\": [4553, 3112]}'), ('sorl-thumbnail||image||bfad42ba6fa060cda682f7ed2fb2d7d8', '{\"storage\": \"django.core.files.storage.FileSystemStorage\", \"name\": \"products/images/Osnovnaia_1.png\", \"size\": [380, 320]}'), ('sorl-thumbnail||image||bfe2c6604af49cb1b74c1a9e14ba5ed2', '{\"storage\": \"django.core.files.storage.FileSystemStorage\", \"name\": \"cache/41/6d/416deb1afdc4c7456f79764dfe862f7a.jpg\", \"size\": [300, 300]}'), ('sorl-thumbnail||image||c09321e3cbfeaff7c410ade898a4466b', '{\"storage\": \"django.core.files.storage.FileSystemStorage\", \"name\": \"products/images/Osnovnaia_12.jpg\", \"size\": [1020, 2160]}'), ('sorl-thumbnail||image||c0ec1ee4631b45ccbe6c31b046cb3a43', '{\"storage\": \"django.core.files.storage.FileSystemStorage\", \"name\": \"cache/cc/37/cc3728a1cc27224271dba43f67d56e0a.jpg\", \"size\": [100, 100]}'), ('sorl-thumbnail||image||c161f562392412ab2f269774d1a4a63f', '{\"storage\": \"django.core.files.storage.FileSystemStorage\", \"name\": \"cache/53/18/5318c9a66d466f577f15b241a3fcac24.jpg\", \"size\": [600, 600]}'), ('sorl-thumbnail||image||c20425d61637e01211c7f9b7fcdd0ab0', '{\"storage\": \"django.core.files.storage.FileSystemStorage\", \"name\": \"cache/ea/98/ea989a1dd7705712eba2e983dcfb9b86.jpg\", \"size\": [100, 100]}'), ('sorl-thumbnail||image||c5040fbf71ece0973f1e35317f13f239', '{\"storage\": \"django.core.files.storage.FileSystemStorage\", \"name\": \"cache/01/fa/01faa21165341172b0c409fa6193158f.jpg\", \"size\": [50, 50]}'), ('sorl-thumbnail||image||c55819431415d6a5a3e1dc064aac7f5a', '{\"storage\": \"django.core.files.storage.FileSystemStorage\", \"name\": \"cache/f1/bc/f1bcfcff2c158124440fcdcb43f5da05.jpg\", \"size\": [100, 50]}'), ('sorl-thumbnail||image||c631be5c39aa5a9eeb3bcdb7bd90545f', '{\"storage\": \"django.core.files.storage.FileSystemStorage\", \"name\": \"cache/e3/42/e3423ca3348f0600540df7870ce394b8.jpg\", \"size\": [100, 100]}'), ('sorl-thumbnail||image||c64f01de29f72057ce11acf6327e48cd', '{\"storage\": \"django.core.files.storage.FileSystemStorage\", \"name\": \"cache/c1/d1/c1d1e00238c44dd2fc8b8e4cce233148.jpg\", \"size\": [200, 200]}'), ('sorl-thumbnail||image||c7f83732539389a86d2f9fc289d01eaf', '{\"storage\": \"django.core.files.storage.FileSystemStorage\", \"name\": \"cache/58/82/5882bdd76fa00dbbb93139e32f5e0708.jpg\", \"size\": [200, 200]}'), ('sorl-thumbnail||image||cd26a4f0f7c8d9bfbb4124bd2cdf768b', '{\"storage\": \"django.core.files.storage.FileSystemStorage\", \"name\": \"cache/aa/73/aa73e1bfddd014c6d30e9ec7e247e832.jpg\", \"size\": [200, 200]}'), ('sorl-thumbnail||image||ce3e592df29e535d71087d63d5b24d8b', '{\"storage\": \"django.core.files.storage.FileSystemStorage\", \"name\": \"cache/78/a2/78a2ea769c81fcdff90e147f4bf4be32.jpg\", \"size\": [300, 300]}'), ('sorl-thumbnail||image||cf15d236c11c6e6394f084f343d83d1d', '{\"storage\": \"django.core.files.storage.FileSystemStorage\", \"name\": \"cache/c0/64/c064539c054e6ab1a1bd695bd6a65b61.jpg\", \"size\": [300, 300]}'), ('sorl-thumbnail||image||d0ebecdf543b8e41e055b26197185035', '{\"storage\": \"django.core.files.storage.FileSystemStorage\", \"name\": \"products/images/Osnovnaia_10.jpg\", \"size\": [500, 500]}'), ('sorl-thumbnail||image||d1468395103f5a8877c7f924d84912b1', '{\"storage\": \"django.core.files.storage.FileSystemStorage\", \"name\": \"cache/2b/37/2b37c04f7c0192e97a64938520c31f8a.jpg\", \"size\": [200, 200]}'), ('sorl-thumbnail||image||d1de3fd266bce0ab5c5977c7773b1973', '{\"storage\": \"django.core.files.storage.FileSystemStorage\", \"name\": \"cache/5e/4b/5e4b0a1eccda4e13e5785a64288365f2.jpg\", \"size\": [100, 100]}'), ('sorl-thumbnail||image||d2c08a42defc00137fd8612ddd8ecf2c', '{\"storage\": \"django.core.files.storage.FileSystemStorage\", \"name\": \"cache/b1/c3/b1c3da3d868c8d1acfa96da500965fc3.jpg\", \"size\": [300, 300]}'), ('sorl-thumbnail||image||d32fa3e4f02adb4e69fa2436f160037f', '{\"storage\": \"django.core.files.storage.FileSystemStorage\", \"name\": \"cache/10/aa/10aa598df0b8413b3f8b3ee6c2e49fe4.jpg\", \"size\": [300, 300]}'), ('sorl-thumbnail||image||d5e5d9a0f5589380989b9fc22dac07b3', '{\"storage\": \"django.core.files.storage.FileSystemStorage\", \"name\": \"cache/aa/07/aa07a689633cf048e9a65d3e914a917e.jpg\", \"size\": [300, 300]}'), ('sorl-thumbnail||image||d87a2092922af622d7d754f182ec0de2', '{\"storage\": \"django.core.files.storage.FileSystemStorage\", \"name\": \"cache/15/fa/15fa106afff4c0f1ae84ae71a09fe951.jpg\", \"size\": [100, 100]}'), ('sorl-thumbnail||image||d88e4396543f1b3ee59e8eaa89f7fd9d', '{\"storage\": \"django.core.files.storage.FileSystemStorage\", \"name\": \"cache/89/82/8982176392ab69ee61ac8bc15fb0613c.jpg\", \"size\": [300, 161]}'), ('sorl-thumbnail||image||da5f789fbe7d2455a1b6a3a8dfb632cb', '{\"storage\": \"django.core.files.storage.FileSystemStorage\", \"name\": \"cache/3f/75/3f75a2ca3cd391f17b75381ccf7dbf09.jpg\", \"size\": [300, 300]}'), ('sorl-thumbnail||image||dabdb5cbb6709f39292931b831102187', '{\"storage\": \"django.core.files.storage.FileSystemStorage\", \"name\": \"cache/89/6d/896da7e8ad813c420c65f18a45b182b0.jpg\", \"size\": [50, 50]}'), ('sorl-thumbnail||image||dc652f26e329a108c82e7097fc6e3c5e', '{\"storage\": \"django.core.files.storage.FileSystemStorage\", \"name\": \"cache/ff/67/ff670811f3427d7ddc0816c02580d0f1.jpg\", \"size\": [298, 319]}'), ('sorl-thumbnail||image||dc84fecece17af84fa10830807531f7e', '{\"storage\": \"django.core.files.storage.FileSystemStorage\", \"name\": \"cache/c1/8f/c18f504e2094a840eb9114849486e96c.jpg\", \"size\": [300, 300]}'), ('sorl-thumbnail||image||dcfe8ef39d616d1f4074a1e7d45b7086', '{\"storage\": \"django.core.files.storage.FileSystemStorage\", \"name\": \"cache/d3/a5/d3a5c3900f6a751a141989fdbb2d56ed.jpg\", \"size\": [100, 50]}'), ('sorl-thumbnail||image||df3b5b1f7c100486fdf175086b5d285f', '{\"storage\": \"django.core.files.storage.FileSystemStorage\", \"name\": \"cache/16/dd/16dd544c548b8751c8f14568dbf997a7.jpg\", \"size\": [200, 200]}'), ('sorl-thumbnail||image||e1faa9551d9b38e3be6388ead12cb876', '{\"storage\": \"django.core.files.storage.FileSystemStorage\", \"name\": \"products/images/1815566.jpg\", \"size\": [650, 432]}'), ('sorl-thumbnail||image||e36693c1795c61944d53289cbf7ac334', '{\"storage\": \"django.core.files.storage.FileSystemStorage\", \"name\": \"products/images/1215336462_2.jpg\", \"size\": [650, 487]}'), ('sorl-thumbnail||image||e428288326aba5579a45e9e01919d299', '{\"storage\": \"django.core.files.storage.FileSystemStorage\", \"name\": \"cache/37/93/3793fd99187e4046cf82a8ab5a8d2a98.jpg\", \"size\": [100, 100]}'), ('sorl-thumbnail||image||e48084d2c5bb58ed1038821ee39cabe3', '{\"storage\": \"django.core.files.storage.FileSystemStorage\", \"name\": \"products/images/Osnovnaia_13.jpg\", \"size\": [300, 290]}'), ('sorl-thumbnail||image||e51ae88069fd004ae7304a15aae1adb1', '{\"storage\": \"django.core.files.storage.FileSystemStorage\", \"name\": \"cache/3e/a6/3ea6e0056dd4d6687f6a3ab5a181bfbe.jpg\", \"size\": [100, 100]}'), ('sorl-thumbnail||image||e51b1ad5f37e7c8ce98d05a251e0ba6c', '{\"storage\": \"django.core.files.storage.FileSystemStorage\", \"name\": \"cache/57/36/57367e5e41b0cb53cce7505c9e85273b.jpg\", \"size\": [100, 100]}'), ('sorl-thumbnail||image||e69f238471eb9d7d510c654ce75afec8', '{\"storage\": \"django.core.files.storage.FileSystemStorage\", \"name\": \"cache/fd/d8/fdd83c2f1f646d2b864e6c94f07772aa.jpg\", \"size\": [300, 300]}'), ('sorl-thumbnail||image||e8094704ee2ea4c2e847c868deb40829', '{\"storage\": \"django.core.files.storage.FileSystemStorage\", \"name\": \"cache/79/b3/79b3116c3708adf6680cd26244fefb70.jpg\", \"size\": [50, 50]}'), ('sorl-thumbnail||image||ea3bc33a94043b093326c68444a41510', '{\"storage\": \"django.core.files.storage.FileSystemStorage\", \"name\": \"cache/c7/40/c74002bc86593c423d849dce9f4568b7.jpg\", \"size\": [300, 300]}'), ('sorl-thumbnail||image||ea895d331cb728e86569246deb63795f', '{\"storage\": \"django.core.files.storage.FileSystemStorage\", \"name\": \"products/test/interior-luxury-bedroom-74.jpg\", \"size\": [2560, 1440]}'), ('sorl-thumbnail||image||eeb77e71e3948abab7f0f12d955030a8', '{\"storage\": \"django.core.files.storage.FileSystemStorage\", \"name\": \"products/images/Osnovnaia_1.jpg\", \"size\": [380, 320]}'), ('sorl-thumbnail||image||efe6ef54b7d2c6b5cab3c7d81397d2e0', '{\"storage\": \"django.core.files.storage.FileSystemStorage\", \"name\": \"cache/98/41/98417d483d424e84728deebc8da6ff8e.jpg\", \"size\": [200, 200]}'), ('sorl-thumbnail||image||f009cadc79cd5690002a945a99f908d3', '{\"storage\": \"django.core.files.storage.FileSystemStorage\", \"name\": \"products/images/Osnovnaia3.png\", \"size\": [380, 380]}'), ('sorl-thumbnail||image||f8735385abbcf83aee6c85eaa4e3313e', '{\"storage\": \"django.core.files.storage.FileSystemStorage\", \"name\": \"products/test/IMG_0481.jpg\", \"size\": [3360, 2100]}'), ('sorl-thumbnail||image||f8fb8999b839790979338b918c52f084', '{\"storage\": \"django.core.files.storage.FileSystemStorage\", \"name\": \"cache/09/8a/098a42658ca16c840166dc6ce5cfed0b.jpg\", \"size\": [600, 600]}'), ('sorl-thumbnail||image||f9fd69fa25acf3ca0aabd0a876bdc5fa', '{\"storage\": \"django.core.files.storage.FileSystemStorage\", \"name\": \"products/images/Osnovnaia_11.jpg\", \"size\": [500, 500]}'), ('sorl-thumbnail||image||fa6c6587da968a3a882d28e81a46490b', '{\"storage\": \"django.core.files.storage.FileSystemStorage\", \"name\": \"cache/1d/e9/1de9d1363d7d83bbff6ff2ab489c7fa2.jpg\", \"size\": [100, 100]}'), ('sorl-thumbnail||image||fb6e2764ef1ae82d15c182bfdae8fd9b', '{\"storage\": \"django.core.files.storage.FileSystemStorage\", \"name\": \"cache/91/bd/91bd8025f77fc5006e88490d942536a8.jpg\", \"size\": [100, 100]}'), ('sorl-thumbnail||image||fe8f1f5ccb73357dd3828da42e4b6b86', '{\"storage\": \"django.core.files.storage.FileSystemStorage\", \"name\": \"cache/1a/7a/1a7ab60e4766521b4a4070366dfd7f53.jpg\", \"size\": [300, 300]}'), ('sorl-thumbnail||image||ff2c47746c26e81c45a9686c36ba8f4a', '{\"storage\": \"django.core.files.storage.FileSystemStorage\", \"name\": \"products/images/1228155221_coliseum-rome-italy.jpg\", \"size\": [650, 487]}'), ('sorl-thumbnail||thumbnails||03fad177fe8fe542ad4ff1c48edaa38f', '[\"ce3e592df29e535d71087d63d5b24d8b\"]'), ('sorl-thumbnail||thumbnails||07dc791b2b223121758fd124ac8c6d46', '[\"406ba832cf91194a1c631b7d4ea8cfb9\", \"dabdb5cbb6709f39292931b831102187\", \"5048248cc7ffd7c37fd9a3cf73f14ffb\", \"1568e29697f7bd7f56a9d52b8c7d68d2\", \"efe6ef54b7d2c6b5cab3c7d81397d2e0\"]'), ('sorl-thumbnail||thumbnails||1346fc778620b5238c2ffd5592ed4b65', '[\"b8ebb7ef165892df5d4b2b8d448c082d\"]'), ('sorl-thumbnail||thumbnails||16256fdf76055762973cdc9c348a5f55', '[\"0d1fd5629aef61ae9573df2d481f7c6a\", \"ab76ed43b125a193442e12ce9ead6143\", \"5536d4125a73d98685c69a34ad9ebb9d\"]'), ('sorl-thumbnail||thumbnails||1da513b44a54c3c26617f70d203dfcc5', '[\"2e209acace60f2d2449d80b169a7dd6d\", \"60b480ff343f07399138b5f140f1ece9\", \"ae56d11d75236bf018aabd4a41c3ebdd\"]'), ('sorl-thumbnail||thumbnails||21a4cf920fb89ebf6889599e56782428', '[\"9437a9c691b8d226f6378f5426ebad04\", \"17b9529deb61bae64389950ba2ff6b8f\"]'), ('sorl-thumbnail||thumbnails||21cf9af4e7b38fb6e2eb905684d2112b', '[\"4c6490f3904269a36c6a807a0e8f8170\", \"d87a2092922af622d7d754f182ec0de2\"]'), ('sorl-thumbnail||thumbnails||251b941f45b28dd220ea0ff9a6b35067', '[\"5da1ae09b5930fe7e70203e8a3a8641f\", \"7f64bf11740c6fe21d8ae98b65a2a576\", \"90e5c4970d4a90c20ff74e0e36b90915\", \"ae79f8ca281360dd8a793fa2ab4718b6\", \"379a1e38f5d0f923e409fbcf19dc5a8e\"]'), ('sorl-thumbnail||thumbnails||2a087d87f5173169b7ccf10123e8a18e', '[\"df3b5b1f7c100486fdf175086b5d285f\", \"659066808b490caeb9bf52faf2cfa7c4\", \"1ed1d44f1fa0d1132cb631320ea5fe76\"]'), ('sorl-thumbnail||thumbnails||2ae2837e71182be05635c4a6d50b7c1c', '[\"e69f238471eb9d7d510c654ce75afec8\", \"e51ae88069fd004ae7304a15aae1adb1\", \"082b91614a0fc00ddf31564723fce23f\"]'), ('sorl-thumbnail||thumbnails||2b749e4d9cdfde470fce6f210fb5e7c3', '[\"726fd7d515342f7b6af01ff396e93998\"]'), ('sorl-thumbnail||thumbnails||3b2fdacadb262d24376b1276a4bd2bdf', '[\"4e355ddd73c67e494ce3c6b36664f681\", \"2f07e62019b3ae71f909741b33124d0e\", \"d32fa3e4f02adb4e69fa2436f160037f\", \"c5040fbf71ece0973f1e35317f13f239\"]'), ('sorl-thumbnail||thumbnails||41b9a3b722f73f29f1c501b56966d9ca', '[\"3a8494a2133eda459ca1119a4a529bda\"]'), ('sorl-thumbnail||thumbnails||4dd7ae5e47831b6944dc6a0fbe375abd', '[\"d1468395103f5a8877c7f924d84912b1\", \"c631be5c39aa5a9eeb3bcdb7bd90545f\"]'), ('sorl-thumbnail||thumbnails||5dfc7b930aa480fa4dc6a7ac20883d04', '[\"49982b2682e522897bf2114e22383137\", \"04e4bf04f9a4e470154ba0122fc3895a\", \"6c6e864e6973b581233294ebcbc6ac8f\", \"679ff4944a8f34953c7a5a3e5611a909\", \"dc652f26e329a108c82e7097fc6e3c5e\", \"518783058f4b3e4f131f1d95dfdad9b3\"]'), ('sorl-thumbnail||thumbnails||625db3684e07a6adb204b5319c97343a', '[\"3e4cf0cac65ee6519fe24cbb61563804\"]'), ('sorl-thumbnail||thumbnails||6d9ab340aa726474b57b962033b2a283', '[\"c0ec1ee4631b45ccbe6c31b046cb3a43\", \"8e37e60c6dadaf24121889e76e04ddce\", \"70ab9f2a0c229229c8a046e3cfcca7a3\"]'), ('sorl-thumbnail||thumbnails||6ffe2ce4efee43f127d2ad9927351a70', '[\"5fe02441e64ca22550e91bcd84026c05\", \"ea3bc33a94043b093326c68444a41510\", \"fb6e2764ef1ae82d15c182bfdae8fd9b\"]'), ('sorl-thumbnail||thumbnails||72a843660b24133338a546df9b0a2f69', '[\"78e1c568fb54800ba08da88552ccf909\", \"fe8f1f5ccb73357dd3828da42e4b6b86\", \"5698d76685d13cc049d7ff56140905fb\"]'), ('sorl-thumbnail||thumbnails||74571faee3c48cef6bf2c90a4863689d', '[\"946b9f35a31c05a0b371c15b2999cb22\"]'), ('sorl-thumbnail||thumbnails||7e45b96ef278ea6d94399f34fab1859b', '[\"a2ec2846aa2873a9c8da0ef789aafa5c\", \"7316a971dd498c00bf2a7cc955d3512b\"]'), ('sorl-thumbnail||thumbnails||836e3384e05ae5694e07d2ece8dec377', '[\"e51b1ad5f37e7c8ce98d05a251e0ba6c\", \"7034e5317bbecdc24e554fb6781e44c9\", \"a33dbd771cbec030bfc555554b35cb0e\"]'), ('sorl-thumbnail||thumbnails||9b2883a6431cc66c16aa4b9b10a13fc6', '[\"74b2099f51328d1db9f929ff5ab1cea4\", \"a34383c6cae95acd1d471baf9a1185d4\", \"f8fb8999b839790979338b918c52f084\", \"62ea2ad6c8d8923b58b532ef19aeda00\", \"518289229067c59c35edd4f9a234b00d\", \"4ff34c7a64d4d1f06ce2c68f5ad1f606\", \"a023e476bd1f919c944c3bf980deb744\", \"4ce1b8d74984a9ef190f2c50d0cf3d49\", \"5c7dc5e8f03f75bfe129970af2674539\", \"9720d410d616c9aed177a860b669bd9c\", \"d88e4396543f1b3ee59e8eaa89f7fd9d\", \"5795adfdbc8bcc35415c250bf265ec60\", \"7acf3d5a99864d0ba7759177dbde17c6\"]'), ('sorl-thumbnail||thumbnails||9b863c23228efb048b6909748955af07', '[\"48799e69f594b8fcecd471a401855a4b\", \"e8094704ee2ea4c2e847c868deb40829\", \"da5f789fbe7d2455a1b6a3a8dfb632cb\", \"4fbfb38e2ad048d1471ef58227f3ce14\", \"4a836a93a261024e5d34c4e754502a67\", \"d1de3fd266bce0ab5c5977c7773b1973\", \"17a46d6fabeea8cc71168776723cd5d5\"]'), ('sorl-thumbnail||thumbnails||9f355182ec8b9447656b21a9c40d2af6', '[\"95a668a14f71db72c792ca6cba01a0be\"]'), ('sorl-thumbnail||thumbnails||a2e199c4bda9300b53b1e2e75f8bdd68', '[\"44f025833bbbdc17ce8898117d2683fb\", \"3ba6c9bf91775947ca4624eef73a03e1\", \"44e1605915aa6522022ae771bc0f2e57\", \"395c2b247063c15ad908b669417604a5\", \"695d95b1b06b8f7ff7bd2f775ad1a639\"]'), ('sorl-thumbnail||thumbnails||abfa598369e47e0c5d6cccbf00f665cb', '[\"b90faf92dd0a256bad1b0cf73ef475d9\", \"06fc2e6693d53fc85a014176cd659bd1\", \"3892740c80ea29984dbec99e1cbafdf8\", \"fa6c6587da968a3a882d28e81a46490b\"]'), ('sorl-thumbnail||thumbnails||acbf0b74ffdbbe6c7899235045af0207', '[\"31e6533ccd3175545a09ad0b56194318\", \"754fc2267630f8e413fe7cc05358b690\"]'), ('sorl-thumbnail||thumbnails||ad7a153bbf2da8b91a9f8d17e293e1cd', '[\"a1a49efc23cb028f51ce73954e035503\", \"9ee03f5f8db45eab407774c0ef15eecd\", \"d2c08a42defc00137fd8612ddd8ecf2c\"]'), ('sorl-thumbnail||thumbnails||b5186555a3019a1942f3b5c0ce17c5de', '[\"c20425d61637e01211c7f9b7fcdd0ab0\"]'), ('sorl-thumbnail||thumbnails||b6596ad070827f0d36f36e3921739701', '[\"94662c6d82ed8f392cbb06206f57b3f9\", \"091e45d56b76d55b835e42d8b0b0b4d4\", \"4cc3f565c048f62dc8be6d42cbb0dd95\"]'), ('sorl-thumbnail||thumbnails||b65a8e1cbab29dd3d9057e53c44c4b02', '[\"81cdcf9573d10a693252d140bd2deeb9\"]'), ('sorl-thumbnail||thumbnails||beb94b25df88c4c8e4d2fc91d6694901', '[\"350c61200e4d4d3bcf8b24b8a4f278a9\"]'), ('sorl-thumbnail||thumbnails||bfad42ba6fa060cda682f7ed2fb2d7d8', '[\"c7f83732539389a86d2f9fc289d01eaf\"]'), ('sorl-thumbnail||thumbnails||c09321e3cbfeaff7c410ade898a4466b', '[\"dc84fecece17af84fa10830807531f7e\", \"1d9dbbbf0cfa7d05c57e26a8e67333d2\", \"21a29f70507c85e147f403ab0f6b13d7\", \"7a785ed3239a88912530ced883b17be8\", \"523b344dd371a5ed69b6587285e140bb\", \"8a30b7eff34d0ab4d7fa58edbd98495c\", \"c161f562392412ab2f269774d1a4a63f\", \"428b75665028f9123857851db0139a37\", \"108c9297d5008dc553c977c1724d39d5\", \"42ebd81eb8a54d041fab03c9144fe69d\", \"20d7b0c8e09a2ba61a60d16a26a0072c\", \"3ffcee39b9ea1ae0833f4b774f55d54c\", \"3f61b157179a6665dd2a6e51b1e5903f\", \"6376e455afa906d32d8c061b764f4ae6\", \"09d2e801fa24814d5a78d8e3de8dcb43\"]'), ('sorl-thumbnail||thumbnails||d0ebecdf543b8e41e055b26197185035', '[\"57581ff82e2e26c65fa83d9ca86797ad\", \"06eb626546e9824446e8dd7ae2e672b0\", \"1f5e461f4c8ef9ec08c97055a8211d56\", \"94c36d7dd51f51664870ff4370fa2dfa\", \"b30592782ed56ae6f84f151678f69685\"]'), ('sorl-thumbnail||thumbnails||e1faa9551d9b38e3be6388ead12cb876', '[\"dcfe8ef39d616d1f4074a1e7d45b7086\", \"104320ca05b30e649c1ddf85a4e08d34\", \"8410cfeec20b59e35885a8f25663ee13\", \"0aee2cbfe62b37f506030386b537e4d6\"]'), ('sorl-thumbnail||thumbnails||e36693c1795c61944d53289cbf7ac334', '[\"c55819431415d6a5a3e1dc064aac7f5a\", \"770fe93d15b5a2badc13597febcbacdd\", \"cd26a4f0f7c8d9bfbb4124bd2cdf768b\", \"37eb350c63c77d927ec59d31a736aaef\"]'), ('sorl-thumbnail||thumbnails||e48084d2c5bb58ed1038821ee39cabe3', '[\"9bfab29a495ae06d01bf1d3d502202c3\", \"193bb2b6f7b1840b26ddadfda100748d\", \"e428288326aba5579a45e9e01919d299\", \"cf15d236c11c6e6394f084f343d83d1d\", \"0516be1118c9cadcae96f0a5b11ae6df\", \"77f928a8a8ac848b8d9234814a005694\"]'), ('sorl-thumbnail||thumbnails||ea895d331cb728e86569246deb63795f', '[\"072964ce5be67aa23b419ad4e24e2697\"]'), ('sorl-thumbnail||thumbnails||eeb77e71e3948abab7f0f12d955030a8', '[\"bfe2c6604af49cb1b74c1a9e14ba5ed2\", \"9768e1eaa44146141d4fab07cea58bd2\", \"b1917ebdb8a3a258c1d85d507e1cebc1\"]'), ('sorl-thumbnail||thumbnails||f009cadc79cd5690002a945a99f908d3', '[\"d5e5d9a0f5589380989b9fc22dac07b3\"]'), ('sorl-thumbnail||thumbnails||f8735385abbcf83aee6c85eaa4e3313e', '[\"48a6aabd6f4a70843c95a2c0783756a5\"]'), ('sorl-thumbnail||thumbnails||f9fd69fa25acf3ca0aabd0a876bdc5fa', '[\"1ac6d7d0caf256540ae2ab4b59c14cfc\", \"798ef258bd7d5e3124801fb7ed29d836\", \"1e0b85e4a7760ee919993485ca1aa747\", \"6bb4a290cb2ed827e624acbae13673e7\", \"05ea4381ca708c3514bc0396e8b85b46\"]'), ('sorl-thumbnail||thumbnails||ff2c47746c26e81c45a9686c36ba8f4a', '[\"c64f01de29f72057ce11acf6327e48cd\", \"b4eccf3b5fe819921d340d9b4a7a589f\", \"5dd0f1efa1f3fc653b2e6e82a9b59f4e\", \"5fe11f8b25ef9eb92475e0ea35c98425\"]');
COMMIT;

SET FOREIGN_KEY_CHECKS = 1;
